Gesture Name,,stat_mean_x_0,stat_median_x_0,stat_std_x_0,stat_range_x_0,stat_skewness_x_0,stat_kurtosis_x_0,stat_mean_x_1,stat_median_x_1,stat_std_x_1,stat_range_x_1,stat_skewness_x_1,stat_kurtosis_x_1,stat_mean_x_2,stat_median_x_2,stat_std_x_2,stat_range_x_2,stat_skewness_x_2,stat_kurtosis_x_2,stat_mean_x_3,stat_median_x_3,stat_std_x_3,stat_range_x_3,stat_skewness_x_3,stat_kurtosis_x_3,stat_mean_x_4,stat_median_x_4,stat_std_x_4,stat_range_x_4,stat_skewness_x_4,stat_kurtosis_x_4,stat_mean_x_5,stat_median_x_5,stat_std_x_5,stat_range_x_5,stat_skewness_x_5,stat_kurtosis_x_5,stat_mean_x_6,stat_median_x_6,stat_std_x_6,stat_range_x_6,stat_skewness_x_6,stat_kurtosis_x_6,stat_mean_x_7,stat_median_x_7,stat_std_x_7,stat_range_x_7,stat_skewness_x_7,stat_kurtosis_x_7,stat_mean_x_8,stat_median_x_8,stat_std_x_8,stat_range_x_8,stat_skewness_x_8,stat_kurtosis_x_8,stat_mean_x_9,stat_median_x_9,stat_std_x_9,stat_range_x_9,stat_skewness_x_9,stat_kurtosis_x_9,stat_mean_x_10,stat_median_x_10,stat_std_x_10,stat_range_x_10,stat_skewness_x_10,stat_kurtosis_x_10,stat_mean_x_11,stat_median_x_11,stat_std_x_11,stat_range_x_11,stat_skewness_x_11,stat_kurtosis_x_11,stat_mean_x_12,stat_median_x_12,stat_std_x_12,stat_range_x_12,stat_skewness_x_12,stat_kurtosis_x_12,stat_mean_x_13,stat_median_x_13,stat_std_x_13,stat_range_x_13,stat_skewness_x_13,stat_kurtosis_x_13,stat_mean_x_14,stat_median_x_14,stat_std_x_14,stat_range_x_14,stat_skewness_x_14,stat_kurtosis_x_14,stat_mean_x_15,stat_median_x_15,stat_std_x_15,stat_range_x_15,stat_skewness_x_15,stat_kurtosis_x_15,stat_mean_x_16,stat_median_x_16,stat_std_x_16,stat_range_x_16,stat_skewness_x_16,stat_kurtosis_x_16,stat_mean_x_17,stat_median_x_17,stat_std_x_17,stat_range_x_17,stat_skewness_x_17,stat_kurtosis_x_17,stat_mean_x_18,stat_median_x_18,stat_std_x_18,stat_range_x_18,stat_skewness_x_18,stat_kurtosis_x_18,stat_mean_x_19,stat_median_x_19,stat_std_x_19,stat_range_x_19,stat_skewness_x_19,stat_kurtosis_x_19,stat_mean_x_20,stat_median_x_20,stat_std_x_20,stat_range_x_20,stat_skewness_x_20,stat_kurtosis_x_20,stat_mean_y_0,stat_median_y_0,stat_std_y_0,stat_range_y_0,stat_skewness_y_0,stat_kurtosis_y_0,stat_mean_y_1,stat_median_y_1,stat_std_y_1,stat_range_y_1,stat_skewness_y_1,stat_kurtosis_y_1,stat_mean_y_2,stat_median_y_2,stat_std_y_2,stat_range_y_2,stat_skewness_y_2,stat_kurtosis_y_2,stat_mean_y_3,stat_median_y_3,stat_std_y_3,stat_range_y_3,stat_skewness_y_3,stat_kurtosis_y_3,stat_mean_y_4,stat_median_y_4,stat_std_y_4,stat_range_y_4,stat_skewness_y_4,stat_kurtosis_y_4,stat_mean_y_5,stat_median_y_5,stat_std_y_5,stat_range_y_5,stat_skewness_y_5,stat_kurtosis_y_5,stat_mean_y_6,stat_median_y_6,stat_std_y_6,stat_range_y_6,stat_skewness_y_6,stat_kurtosis_y_6,stat_mean_y_7,stat_median_y_7,stat_std_y_7,stat_range_y_7,stat_skewness_y_7,stat_kurtosis_y_7,stat_mean_y_8,stat_median_y_8,stat_std_y_8,stat_range_y_8,stat_skewness_y_8,stat_kurtosis_y_8,stat_mean_y_9,stat_median_y_9,stat_std_y_9,stat_range_y_9,stat_skewness_y_9,stat_kurtosis_y_9,stat_mean_y_10,stat_median_y_10,stat_std_y_10,stat_range_y_10,stat_skewness_y_10,stat_kurtosis_y_10,stat_mean_y_11,stat_median_y_11,stat_std_y_11,stat_range_y_11,stat_skewness_y_11,stat_kurtosis_y_11,stat_mean_y_12,stat_median_y_12,stat_std_y_12,stat_range_y_12,stat_skewness_y_12,stat_kurtosis_y_12,stat_mean_y_13,stat_median_y_13,stat_std_y_13,stat_range_y_13,stat_skewness_y_13,stat_kurtosis_y_13,stat_mean_y_14,stat_median_y_14,stat_std_y_14,stat_range_y_14,stat_skewness_y_14,stat_kurtosis_y_14,stat_mean_y_15,stat_median_y_15,stat_std_y_15,stat_range_y_15,stat_skewness_y_15,stat_kurtosis_y_15,stat_mean_y_16,stat_median_y_16,stat_std_y_16,stat_range_y_16,stat_skewness_y_16,stat_kurtosis_y_16,stat_mean_y_17,stat_median_y_17,stat_std_y_17,stat_range_y_17,stat_skewness_y_17,stat_kurtosis_y_17,stat_mean_y_18,stat_median_y_18,stat_std_y_18,stat_range_y_18,stat_skewness_y_18,stat_kurtosis_y_18,stat_mean_y_19,stat_median_y_19,stat_std_y_19,stat_range_y_19,stat_skewness_y_19,stat_kurtosis_y_19,stat_mean_y_20,stat_median_y_20,stat_std_y_20,stat_range_y_20,stat_skewness_y_20,stat_kurtosis_y_20,stat_mean_z_0,stat_median_z_0,stat_std_z_0,stat_range_z_0,stat_skewness_z_0,stat_kurtosis_z_0,stat_mean_z_1,stat_median_z_1,stat_std_z_1,stat_range_z_1,stat_skewness_z_1,stat_kurtosis_z_1,stat_mean_z_2,stat_median_z_2,stat_std_z_2,stat_range_z_2,stat_skewness_z_2,stat_kurtosis_z_2,stat_mean_z_3,stat_median_z_3,stat_std_z_3,stat_range_z_3,stat_skewness_z_3,stat_kurtosis_z_3,stat_mean_z_4,stat_median_z_4,stat_std_z_4,stat_range_z_4,stat_skewness_z_4,stat_kurtosis_z_4,stat_mean_z_5,stat_median_z_5,stat_std_z_5,stat_range_z_5,stat_skewness_z_5,stat_kurtosis_z_5,stat_mean_z_6,stat_median_z_6,stat_std_z_6,stat_range_z_6,stat_skewness_z_6,stat_kurtosis_z_6,stat_mean_z_7,stat_median_z_7,stat_std_z_7,stat_range_z_7,stat_skewness_z_7,stat_kurtosis_z_7,stat_mean_z_8,stat_median_z_8,stat_std_z_8,stat_range_z_8,stat_skewness_z_8,stat_kurtosis_z_8,stat_mean_z_9,stat_median_z_9,stat_std_z_9,stat_range_z_9,stat_skewness_z_9,stat_kurtosis_z_9,stat_mean_z_10,stat_median_z_10,stat_std_z_10,stat_range_z_10,stat_skewness_z_10,stat_kurtosis_z_10,stat_mean_z_11,stat_median_z_11,stat_std_z_11,stat_range_z_11,stat_skewness_z_11,stat_kurtosis_z_11,stat_mean_z_12,stat_median_z_12,stat_std_z_12,stat_range_z_12,stat_skewness_z_12,stat_kurtosis_z_12,stat_mean_z_13,stat_median_z_13,stat_std_z_13,stat_range_z_13,stat_skewness_z_13,stat_kurtosis_z_13,stat_mean_z_14,stat_median_z_14,stat_std_z_14,stat_range_z_14,stat_skewness_z_14,stat_kurtosis_z_14,stat_mean_z_15,stat_median_z_15,stat_std_z_15,stat_range_z_15,stat_skewness_z_15,stat_kurtosis_z_15,stat_mean_z_16,stat_median_z_16,stat_std_z_16,stat_range_z_16,stat_skewness_z_16,stat_kurtosis_z_16,stat_mean_z_17,stat_median_z_17,stat_std_z_17,stat_range_z_17,stat_skewness_z_17,stat_kurtosis_z_17,stat_mean_z_18,stat_median_z_18,stat_std_z_18,stat_range_z_18,stat_skewness_z_18,stat_kurtosis_z_18,stat_mean_z_19,stat_median_z_19,stat_std_z_19,stat_range_z_19,stat_skewness_z_19,stat_kurtosis_z_19,stat_mean_z_20,stat_median_z_20,stat_std_z_20,stat_range_z_20,stat_skewness_z_20,stat_kurtosis_z_20,stat_mean_w,stat_median_w,stat_std_w,stat_range_w,stat_skewness_w,stat_kurtosis_w,stat_mean_x,stat_median_x,stat_std_x,stat_range_x,stat_skewness_x,stat_kurtosis_x,stat_mean_y,stat_median_y,stat_std_y,stat_range_y,stat_skewness_y,stat_kurtosis_y,stat_mean_z,stat_median_z,stat_std_z,stat_range_z,stat_skewness_z,stat_kurtosis_z,stat_mean_ax,stat_median_ax,stat_std_ax,stat_range_ax,stat_skewness_ax,stat_kurtosis_ax,stat_mean_ay,stat_median_ay,stat_std_ay,stat_range_ay,stat_skewness_ay,stat_kurtosis_ay,stat_mean_az,stat_median_az,stat_std_az,stat_range_az,stat_skewness_az,stat_kurtosis_az
twisthand_intermission1,,0.527783694,0.51424104,0.049280572,0.21902281,2.305123043,4.491725385,0.461005166,0.447330296,0.049821251,0.229904443,2.326032641,4.613282026,0.438231648,0.424218178,0.046118152,0.215767622,2.265473921,4.513701445,0.448600942,0.435880184,0.040113137,0.193476826,2.061608451,4.042095623,0.449322419,0.437747896,0.035666201,0.177669495,1.768548467,3.42016977,0.483713092,0.466420412,0.048406142,0.21670568,2.186774063,4.102811888,0.479341175,0.462517202,0.04906959,0.21957463,2.141714369,3.912881423,0.478124658,0.462992907,0.048940839,0.222610801,2.111021767,3.822117581,0.478539969,0.46438998,0.048720445,0.226896673,2.095347527,3.839367032,0.522821855,0.505043864,0.048452961,0.211598337,2.162671356,3.999690181,0.519440896,0.502722561,0.049473724,0.217369348,2.12331899,3.820557285,0.516326813,0.500638843,0.049368254,0.221642166,2.124175701,3.821301057,0.512327768,0.497736454,0.049150422,0.226006448,2.1241226,3.883112414,0.557980687,0.540660679,0.048610494,0.211872578,2.138250162,3.906650149,0.558955462,0.540652454,0.049725532,0.214915812,2.117139374,3.787785229,0.557639299,0.54033196,0.049441465,0.215110242,2.112110315,3.749542964,0.554043168,0.538934886,0.048856898,0.21667701,2.096029634,3.720253463,0.595251463,0.578655303,0.048152237,0.212399185,2.079957091,3.733411215,0.597597021,0.5789662,0.049296424,0.21600765,2.05156469,3.59710813,0.596744391,0.57965821,0.049130688,0.215552092,2.026431849,3.499594499,0.593655539,0.577507138,0.048744796,0.213390887,1.999170285,3.423895769,0.764906326,0.753181338,0.041551636,0.263699591,1.772038593,5.258852977,0.696818634,0.686332703,0.040838643,0.273177743,1.954979044,6.493950093,0.583655679,0.573997259,0.041615178,0.299514055,2.460968532,9.911553883,0.491534615,0.48275882,0.043168414,0.326219082,2.862592072,12.73913676,0.427010767,0.418850601,0.042442114,0.325668991,3.055058942,14.07955586,0.484752299,0.475138128,0.037704622,0.283425331,3.30512692,15.81574506,0.391668788,0.384050936,0.037885415,0.275628537,3.715349966,18.54597135,0.33259875,0.325082064,0.040983747,0.321615279,4.232534497,23.03891429,0.277294588,0.269352049,0.045782686,0.406103283,4.946913026,30.68626207,0.472481282,0.462146312,0.039489302,0.303705037,3.521206483,17.55217992,0.36477817,0.357444465,0.041081463,0.309615016,4.093158309,21.71694185,0.294962444,0.286670983,0.045538652,0.380258858,4.745699429,27.99502211,0.230005801,0.220952958,0.051885934,0.481231511,5.469966409,36.37777204,0.482020156,0.470669568,0.041547238,0.325560302,3.560861205,17.96604528,0.379531927,0.371200204,0.042537321,0.333510816,4.122156363,22.31104103,0.314606427,0.305116832,0.046472723,0.405273974,4.763234058,28.94959067,0.256465458,0.249563515,0.051498349,0.494128346,5.493710942,37.88155086,0.508180191,0.495305359,0.044418229,0.352246046,3.493106541,17.52383174,0.427157905,0.415849566,0.045289685,0.368059456,3.979373738,21.50168179,0.3745435,0.362482786,0.046902085,0.408026218,4.499986171,26.91133032,0.324444788,0.31425333,0.049629482,0.47112444,5.135116477,34.53607821,1.89E-07,1.84E-07,5.88E-08,6.06E-07,-1.314817226,12.05678755,-0.01262116,-0.011712745,0.002796056,0.015189331,-1.191904401,1.33407472,-0.008149823,-0.005406111,0.006953576,0.033688302,-1.200233488,0.648539819,-0.00604776,-0.001649025,0.010744433,0.057033566,-1.263027964,0.840158666,-0.002613575,0.003875104,0.014763117,0.080180069,-1.304446672,0.979456579,0.02886927,0.0310906,0.009069468,0.058732852,-1.412492824,2.424091505,0.020307083,0.024181141,0.012665226,0.08962559,-1.764941333,4.463055384,0.005105057,0.010521983,0.014561023,0.104473596,-1.946737555,5.401955917,-0.008150155,-0.001746878,0.01559136,0.105905473,-1.886499694,4.539161289,0.021766827,0.024280624,0.009107961,0.058496013,-1.586597103,2.829967763,0.01579198,0.01986008,0.012648495,0.085680109,-1.769485566,4.204736845,0.000346327,0.004900271,0.014069378,0.093273671,-1.708454809,3.581164694,-0.012323558,-0.007473239,0.014997849,0.091549746,-1.547105754,2.323337729,0.008843232,0.012029447,0.009012302,0.056590417,-1.683776022,3.067491448,-0.000303976,0.002998707,0.011837144,0.075469848,-1.596317494,2.997791718,-0.011137424,-0.007987369,0.013128177,0.073176457,-1.249763433,1.300866547,-0.020214344,-0.017236207,0.014044672,0.066241609,-1.066409555,0.591842083,-0.007328117,-0.003956598,0.008945901,0.055412771,-1.674596052,2.976445478,-0.015783513,-0.012472867,0.011871301,0.06871333,-1.399517096,1.798449277,-0.019671253,-0.016326502,0.013771987,0.067186057,-1.128838241,0.700902793,-0.023561794,-0.020300824,0.0150579,0.066005235,-0.997893042,0.323686735,0.779066721,0.780125678,0.01265165,0.080320299,0.20990911,1.66336583,0.491558097,0.490314692,0.024781963,0.129899353,-0.118617563,0.332208163,-0.353974326,-0.350374609,0.015474585,0.05650261,-0.284453934,-1.192913866,0.157654249,0.163064659,0.016296084,0.06678798,-1.085033197,0.452680439,0.028213129,0.02734375,0.032837704,0.208496094,0.208352467,0.441009061,0.871053258,0.873535156,0.03760629,0.255371094,-0.669845611,1.621351454,0.480299638,0.483886719,0.061171975,0.267578125,-0.195313587,-0.840148783
twisthand_gesture1,,0.53565202,0.523233235,0.031806475,0.098245531,0.545284673,-1.245006712,0.504577605,0.45670177,0.086340336,0.22671774,0.869923249,-1.034948737,0.492234802,0.43558225,0.107506198,0.284292579,0.82184979,-1.060721813,0.494835224,0.448790431,0.104184746,0.28508085,0.75933761,-1.069318834,0.490824019,0.454878896,0.111999827,0.321867496,0.702188267,-1.006868043,0.514527081,0.481176391,0.077611398,0.210718662,0.578240905,-1.365974271,0.503248698,0.47658743,0.071415959,0.200752914,0.508028157,-1.347321253,0.498689983,0.472723693,0.066439063,0.193051279,0.496943488,-1.310382286,0.496826344,0.471712783,0.061819099,0.185412169,0.471907941,-1.296048984,0.529852648,0.517486244,0.045049454,0.132282197,0.322399928,-1.441348291,0.520265983,0.515450478,0.039886469,0.123200625,0.141907474,-1.338527181,0.515654227,0.510163546,0.037247597,0.11852029,0.071541726,-1.28556136,0.512427996,0.505327106,0.036670369,0.118064374,0.035410384,-1.288878684,0.540716257,0.541055799,0.019583727,0.082983017,0.008144334,-0.027179778,0.536626366,0.533383816,0.018331417,0.067265123,-0.295999921,-0.692342741,0.53465115,0.530793518,0.018531225,0.068625808,-0.239861105,-0.787892453,0.533423028,0.531241566,0.019499807,0.074562281,-0.088927018,-0.651175542,0.551391349,0.564797014,0.031308142,0.094982505,-0.607790601,-0.936985577,0.549314314,0.564231843,0.035460855,0.108911753,-0.679135049,-0.845043361,0.548815182,0.562488675,0.035385484,0.110323161,-0.666963261,-0.822254329,0.548696566,0.559095144,0.033538323,0.11076501,-0.627471396,-0.796425156,0.720776838,0.721726924,0.014537211,0.055390954,-0.405974894,-0.644141831,0.648841352,0.655811101,0.023231243,0.077928782,-0.478618116,-0.956070865,0.541317279,0.544642508,0.019802524,0.071359813,-0.373224966,-0.825235186,0.453189856,0.452807575,0.013666577,0.053357631,-0.060361411,-0.49660369,0.391370877,0.392795473,0.011512439,0.046755195,-0.29490663,-0.39257511,0.438711067,0.433781877,0.016410422,0.058223903,-0.381185968,-0.65715721,0.33448518,0.33315073,0.017796255,0.066488683,0.690159703,-0.059315867,0.270378607,0.272051275,0.021708058,0.072242081,0.59978237,-0.580520746,0.213552139,0.214951411,0.023432024,0.083854496,0.546481659,-0.622036924,0.430513588,0.432426244,0.019108107,0.069477528,-0.124618538,-1.061623307,0.309540281,0.306982189,0.015203129,0.061039031,0.732941415,0.175298804,0.233002555,0.23245018,0.019868856,0.066353276,0.617401531,-0.582000589,0.166300782,0.167468891,0.022449768,0.070648879,0.482963824,-0.966286786,0.442018361,0.443067133,0.020915465,0.079210997,0.163997431,-0.798881633,0.327322627,0.32711342,0.014442464,0.060716242,-0.20937046,0.279731894,0.256732952,0.256140068,0.018804984,0.066515371,0.056213694,-0.995808321,0.196591318,0.202129126,0.024174854,0.07860747,-0.133205078,-1.350631865,0.468676586,0.461967036,0.02361308,0.092079341,0.646090171,-0.12501285,0.377824306,0.375768349,0.015988385,0.061319381,-0.324799459,-0.496428815,0.322008041,0.326516807,0.016716213,0.063275576,-0.766123798,-0.272009929,0.270828292,0.278291807,0.01920947,0.068528727,-0.783805057,-0.466660702,2.15E-07,2.36E-07,6.11E-08,2.91E-07,-0.722206567,0.169978885,-0.000623999,-0.009879294,0.016110746,0.049628554,0.633948687,-1.127379718,0.004489082,-0.003468354,0.017760017,0.060144043,0.681769789,-0.901505505,0.006391684,0.001121792,0.01822128,0.062382305,0.599837183,-0.996806379,0.008376328,0.006100609,0.017364566,0.065993162,0.388678281,-0.961992321,0.020537462,0.027933724,0.016830612,0.056734427,-1.082212408,-0.359444613,0.011492655,0.019152313,0.018320283,0.064861698,-0.870611527,-0.627374069,-0.000525605,0.003027725,0.014441319,0.062116174,-0.498915698,-0.510200367,-0.010460405,-0.0095272,0.011561062,0.065767689,-0.101806855,0.7179446,0.008786737,0.020919533,0.020469359,0.060172811,-0.797794149,-1.037719545,0.001030345,0.014997395,0.026340923,0.079737775,-0.66315048,-1.214798418,-0.010537745,0.000787593,0.024192344,0.077378737,-0.511522081,-1.291317969,-0.019729181,-0.011102002,0.021583408,0.076743349,-0.349978882,-1.272535911,-0.006192109,0.008790614,0.021941116,0.063313086,-0.537854709,-1.489546539,-0.01511844,-0.001116669,0.026473361,0.080039717,-0.446849372,-1.50922219,-0.022773507,-0.013142888,0.027393054,0.085534887,-0.284728036,-1.488387292,-0.0292282,-0.022398554,0.027082412,0.08906544,-0.151324131,-1.420962463,-0.022664664,-0.007171838,0.021738059,0.065375474,-0.474378656,-1.417063159,-0.030789656,-0.015393818,0.026142688,0.082831771,-0.387942125,-1.447084821,-0.032987594,-0.019936874,0.028550608,0.09848001,-0.299001486,-1.348927398,-0.035028939,-0.024377183,0.029610501,0.110043282,-0.253988202,-1.173229417,0.735686251,0.753055573,0.054913525,0.191682756,-1.234266099,0.273754128,0.437432636,0.51007551,0.121404604,0.33348541,-1.142517988,-0.424203442,-0.092969665,-0.348298132,0.367010903,0.940382302,0.793633191,-1.088897499,0.290163953,0.17686335,0.160284823,0.384411186,0.585943719,-1.442528819,-0.055625,0.036132813,0.19555534,0.837402344,-1.2006439,0.797514965,0.906669922,0.906982422,0.025292705,0.135742188,-0.147641936,1.288895687,0.183544922,0.382080078,0.325654292,0.919433594,-0.760129882,-1.099360549
twisthand_gesture2,,0.518661745,0.524187088,0.0269814,0.08912918,0.122061398,-1.400661238,0.511283429,0.468240201,0.088134479,0.208454132,0.196969262,-1.841582211,0.51095181,0.471669614,0.111305295,0.263187945,0.136685238,-1.806518306,0.512266192,0.490589529,0.10563802,0.252743185,0.073435087,-1.769255669,0.505819723,0.496727794,0.107680188,0.275658309,0.005718124,-1.686461684,0.519766779,0.511792004,0.077310933,0.189376414,-0.092194474,-1.794377696,0.504919523,0.512115479,0.068391733,0.166479319,-0.19017219,-1.729823097,0.496176113,0.510118604,0.060888918,0.154051393,-0.214909957,-1.669081373,0.490696115,0.505874455,0.054520412,0.141222924,-0.247171805,-1.607963423,0.518086063,0.531659544,0.042000983,0.122263938,-0.03129971,-1.504722125,0.50600588,0.521021247,0.034900143,0.098152846,-0.290004106,-1.49521211,0.500045527,0.514506817,0.031447781,0.090510398,-0.390513859,-1.401696627,0.496562494,0.50867492,0.030765803,0.095608979,-0.424188672,-1.260952811,0.513477367,0.505956769,0.021808013,0.087187082,0.832961754,-0.095103629,0.508134604,0.499185979,0.021214652,0.077440292,0.436925278,-0.780364668,0.507284915,0.49764955,0.0223887,0.08540982,0.502194067,-0.667789873,0.507947272,0.496456504,0.024557819,0.094618171,0.634736433,-0.516156018,0.508951346,0.535414577,0.041272915,0.116250694,-0.533743477,-1.430984412,0.506492572,0.535462976,0.044466455,0.125013679,-0.458630792,-1.526072501,0.507194411,0.534289122,0.044996338,0.130846798,-0.409087521,-1.517971986,0.509106649,0.531670511,0.044441057,0.133325487,-0.355129017,-1.475354676,0.695292065,0.70132488,0.020552952,0.070492089,-0.232697212,-0.991913179,0.621645385,0.627039611,0.030510991,0.107012451,-0.161571379,-0.957322903,0.51751341,0.518284321,0.026005344,0.096240073,0.023502672,-0.771759361,0.429737224,0.427830011,0.023675329,0.090238065,-0.074634663,-0.480636304,0.368316241,0.367346108,0.02796821,0.099141747,-0.118119412,-0.77928016,0.419375765,0.421673864,0.014140908,0.047353089,-0.500794186,-0.973142991,0.309771464,0.308462441,0.023744945,0.075564563,0.035631527,-1.083213848,0.246978576,0.241326228,0.0289702,0.088016734,0.043208206,-1.305556776,0.193761289,0.194099814,0.030324386,0.092066988,0.040137431,-1.468336356,0.412746085,0.415626943,0.012845366,0.052220821,-0.429904336,-0.482869788,0.285186246,0.284833848,0.020793474,0.064327508,0.036003093,-1.260207121,0.206440052,0.202773154,0.030600181,0.088252097,0.137521441,-1.467191946,0.141253144,0.133072108,0.034076539,0.097802043,0.188835679,-1.500121458,0.425128678,0.423926532,0.014327261,0.058825731,-0.022978139,-0.169690616,0.303815213,0.303682029,0.018035562,0.055036426,0.044704964,-1.241054659,0.231140846,0.221279159,0.029926206,0.085714608,0.266247511,-1.447222655,0.171902112,0.154687494,0.037544691,0.108804256,0.298121019,-1.48679238,0.451955833,0.448072851,0.018915804,0.072312117,0.457779996,-0.415085185,0.356432829,0.361921728,0.014938234,0.045506805,-0.542644721,-1.044960115,0.299659321,0.300180078,0.019905324,0.066358,-0.204084333,-1.039969412,0.248971329,0.2468649,0.024435803,0.083666921,-0.036990923,-1.039297919,2.17E-07,2.28E-07,8.82E-08,3.85E-07,-0.707871445,0.233134426,0.004876657,0.006101028,0.013965567,0.046078603,0.3653627,-0.708676265,0.01061246,0.010847269,0.014152967,0.052385326,0.661502391,-0.223479766,0.013131319,0.013836625,0.013802753,0.054281167,0.564527481,-0.33109947,0.015217201,0.016018527,0.012954592,0.062770408,0.019628735,0.201285077,0.016308701,0.020473,0.020112914,0.060557472,-0.309966796,-1.503719643,0.008880885,0.008133615,0.021695702,0.066722978,-0.155274953,-1.533910767,-0.000121345,-0.003163598,0.017704986,0.056310596,-0.080549317,-1.390357372,-0.00743121,-0.004362327,0.014297697,0.051785424,-0.105584668,-1.054528991,0.003756102,-9.98E-05,0.022409849,0.061561929,0.057015374,-1.74052749,-0.003726821,-0.014157613,0.02833566,0.078572109,0.129576338,-1.722614396,-0.012833819,-0.025807075,0.026481943,0.074781904,0.16453051,-1.671226933,-0.019861185,-0.029106541,0.024114378,0.07227326,0.166299516,-1.591426387,-0.010503624,-0.021893963,0.022569874,0.062669324,0.228042643,-1.661176491,-0.018646932,-0.033976674,0.027138738,0.075782515,0.270019343,-1.655469195,-0.024869941,-0.038522396,0.028086191,0.080031278,0.283528903,-1.574852647,-0.030027428,-0.040902026,0.027840545,0.082607064,0.267226262,-1.46810115,-0.02515128,-0.030592589,0.021662959,0.070934243,0.078496508,-1.298567383,-0.032042863,-0.037677549,0.025899337,0.08023009,0.152002292,-1.385292051,-0.032846646,-0.040049259,0.027773036,0.085522329,0.162502459,-1.345954982,-0.033587333,-0.03792312,0.028548877,0.08856653,0.103630467,-1.256788501,0.725674613,0.750277519,0.06328827,0.195211291,-0.714108465,-0.945021711,0.38342041,0.445614219,0.13879541,0.347894803,-0.477278961,-1.475491857,0.05673626,0.054645091,0.386990009,0.957092106,0.092953214,-1.670312719,0.362845411,0.417948991,0.154266625,0.373586416,-0.206470723,-1.719638658,-0.09124261,-0.104980469,0.256472258,1.025390625,0.377919707,-0.501254905,0.91089527,0.90625,0.038525879,0.189453125,0.970206356,1.502407908,0.065838788,0.1015625,0.327786539,0.930664063,-0.14346913,-1.516749836
twisthand_gesture3,,0.525755124,0.524796963,0.030088928,0.092369586,0.359367005,-1.188602213,0.523458372,0.491010249,0.09020289,0.220899761,0.095169297,-1.793768806,0.524593125,0.505632758,0.113676092,0.277798414,0.017012062,-1.753753457,0.524208855,0.52489239,0.109033794,0.275039554,-0.059522466,-1.681538483,0.515308862,0.536423385,0.110989337,0.294503748,-0.138965025,-1.582851322,0.529104284,0.559901118,0.084022206,0.217066526,-0.136472635,-1.648895295,0.511485553,0.535805166,0.075936428,0.207427979,-0.166879181,-1.550017632,0.500614872,0.512277067,0.068268813,0.19504407,-0.132229685,-1.492812953,0.493582459,0.49555397,0.06159963,0.184330642,-0.088775419,-1.434488392,0.524269729,0.52902633,0.049932573,0.148332059,0.007323938,-1.36653824,0.508073147,0.511496186,0.043396969,0.137758821,-0.009204915,-1.190958203,0.499802611,0.500731528,0.040011725,0.130817801,0.049378016,-1.116595924,0.494395098,0.491963953,0.039223279,0.130804479,0.099901952,-1.104705731,0.516770073,0.506631196,0.027346126,0.108258069,0.748937752,-0.18659968,0.508329709,0.503390133,0.026229579,0.095098853,0.39403425,-0.764419722,0.505874002,0.498223364,0.026907436,0.089561731,0.378545007,-0.970000391,0.504579755,0.494753569,0.029199887,0.095109582,0.483256159,-1.031847025,0.509601037,0.531035364,0.037804404,0.125450164,-0.573449731,-0.928175612,0.505247831,0.527224839,0.040459375,0.129351199,-0.543126208,-1.12969142,0.50468865,0.524921596,0.041242333,0.131686926,-0.495689698,-1.192439705,0.505291224,0.522305608,0.041166607,0.133149981,-0.452456792,-1.195929918,0.673718105,0.677133739,0.019774328,0.065435529,0.103459648,-1.14164776,0.599368855,0.602406919,0.029754167,0.104902864,0.128461372,-1.117868451,0.49647408,0.501634538,0.024696219,0.084080458,0.077552664,-1.013625885,0.408953652,0.405704856,0.022467216,0.082290441,0.242039722,-0.953735444,0.346113051,0.342417181,0.025839408,0.087616771,0.22727373,-1.312909892,0.399592932,0.396800488,0.017420623,0.069886744,-0.178659139,0.215531032,0.290359853,0.285744011,0.02207891,0.087887049,0.957623147,0.396410692,0.228580322,0.221770108,0.024894762,0.098421738,0.848398309,0.134953656,0.176831461,0.169975773,0.029050359,0.132456541,1.04675433,1.014188869,0.391969854,0.394890517,0.018902438,0.078768611,-0.389789832,-0.290020711,0.265019718,0.257006764,0.020921077,0.075690776,1.173166601,0.412475492,0.18711951,0.177989751,0.02513845,0.090998486,1.161054506,0.419120766,0.122677451,0.120166034,0.02682872,0.095259935,0.951559525,0.273945348,0.403016406,0.407239735,0.019937888,0.088053942,-0.308158202,-0.376014788,0.28134006,0.279232025,0.020571714,0.084865168,1.030158424,0.664084486,0.208340459,0.20259501,0.025946656,0.090895757,1.038541672,0.300495851,0.148489179,0.14277935,0.030187567,0.111486465,0.871307006,0.065702304,0.428165116,0.430045456,0.020982284,0.092191637,-0.157921005,-0.605418385,0.331779583,0.328577757,0.019827199,0.100116104,1.115309592,1.842107502,0.274756049,0.273643792,0.02329838,0.105475232,0.932223343,0.963967551,0.223678094,0.224353358,0.026584636,0.1140389,0.739162459,0.522652393,1.92E-07,2.12E-07,8.37E-08,3.45E-07,-1.330034555,1.168067992,0.008188368,0.012904614,0.0153048,0.052365139,0.065769036,-1.144035841,0.015037739,0.015407139,0.016932789,0.053736354,0.1216756,-1.30010655,0.018249751,0.013993596,0.018817714,0.063825215,0.097011404,-1.434152677,0.021064019,0.017030297,0.020627608,0.084662056,0.206026049,-0.925002119,0.019330164,0.018290807,0.014397994,0.041357281,-0.08401663,-1.637976855,0.013654462,0.016993834,0.014105713,0.052207138,-0.480180625,-0.937016033,0.006025264,0.009952418,0.013425416,0.064832594,-0.78495988,0.728903078,-0.000432008,-0.00071124,0.016095702,0.081574798,0.090808233,0.950985044,0.005842008,0.002408249,0.017352073,0.053412776,-0.005210606,-1.371179581,-0.000671931,-4.82E-05,0.020749558,0.061788069,-0.131500921,-1.314503602,-0.009263057,-0.005504114,0.019311469,0.061461026,-0.516445223,-1.129523867,-0.015994114,-0.010922097,0.019710402,0.070189302,-0.538524228,-0.962257732,-0.008961186,-0.007068618,0.019295526,0.061781213,-0.341673153,-1.092531658,-0.01623768,-0.012570338,0.022607194,0.067133369,-0.420464435,-1.258604734,-0.022351544,-0.019537212,0.023852564,0.068753632,-0.474221656,-1.289854626,-0.027555799,-0.021220185,0.025210705,0.080982147,-0.412079533,-1.226678024,-0.023728341,-0.016395336,0.021696322,0.067834291,-0.609188089,-1.102186306,-0.029718925,-0.020649131,0.026122046,0.081973549,-0.505738437,-1.220495398,-0.030293557,-0.021602912,0.0291223,0.098527256,-0.379426694,-1.198160305,-0.031005707,-0.021594029,0.031824826,0.113550652,-0.235459607,-1.107540962,0.718859165,0.752142549,0.070284854,0.202650845,-0.580781472,-1.267788798,0.376009619,0.425468802,0.141176483,0.348466069,-0.371772265,-1.61365223,0.082547867,0.126822636,0.395695938,0.972251713,0.008157847,-1.695085857,0.367580507,0.424511343,0.156086174,0.379852965,-0.258408244,-1.679399917,-0.106961496,-0.094726563,0.202991112,0.784667969,-0.230885154,-0.951866416,0.912165179,0.909667969,0.035942661,0.146484375,-0.02408319,-0.330462085,0.036788504,0.05859375,0.338221268,1.099609375,-0.076562478,-1.33320876
twisthand_gesture4,,0.517492009,0.52503258,0.031521018,0.103696197,-0.024417863,-1.080911071,0.518498421,0.551330566,0.088888349,0.2321271,-0.064556445,-1.821610677,0.52082704,0.558283925,0.111896416,0.283201605,-0.090807388,-1.791476826,0.517392718,0.554501832,0.104708369,0.268695205,-0.138447394,-1.738158851,0.503649796,0.544113457,0.100948056,0.271747887,-0.212864945,-1.637594003,0.523164776,0.567932248,0.081974438,0.211971581,-0.180805315,-1.687497132,0.506237201,0.54177916,0.072762719,0.202356547,-0.248455169,-1.567821623,0.495488989,0.521419406,0.064424734,0.192184865,-0.221209335,-1.447783603,0.488646729,0.509336412,0.057440655,0.181083173,-0.165000321,-1.303996423,0.51649203,0.527300596,0.047389432,0.137009323,0.006453451,-1.407962327,0.503534329,0.510881484,0.04120186,0.124659687,-0.035791948,-1.216978473,0.496971697,0.504003882,0.037805293,0.121371776,-0.017193776,-1.08245175,0.492858078,0.498069942,0.036551652,0.120837569,-0.02480267,-1.004633399,0.507746232,0.49709034,0.023409339,0.076799393,0.633880804,-1.043987038,0.501823534,0.491856694,0.023178588,0.079500228,0.277701804,-1.220380503,0.500427739,0.492218196,0.023605558,0.078503489,0.19538127,-1.298885313,0.500485382,0.491639793,0.02533738,0.082286805,0.243851428,-1.307605328,0.499763422,0.509846807,0.034385096,0.106951237,-0.539790986,-1.208415153,0.496562718,0.509253979,0.037709342,0.105268598,-0.531380095,-1.307001473,0.496228639,0.510729849,0.038931036,0.114940822,-0.508782847,-1.273141152,0.49688518,0.511212826,0.039014873,0.121014237,-0.490245952,-1.203573871,0.646084636,0.638117075,0.020952534,0.077975094,1.205764915,0.406382065,0.570059176,0.571190119,0.029345533,0.115470767,0.806519772,0.485016589,0.468938016,0.466851562,0.02320883,0.089985788,1.036568744,0.75500681,0.38341639,0.375533283,0.019138527,0.067084998,1.341259484,0.866786784,0.32365595,0.322502792,0.0218582,0.072413832,0.787501652,-0.431458764,0.377315249,0.378621787,0.012313238,0.052142143,-0.233021819,0.078757447,0.26918256,0.269432485,0.015959696,0.057302147,0.81152072,-0.067471236,0.207978717,0.203419417,0.019883869,0.062901914,0.39280918,-1.16038033,0.156293222,0.148540288,0.024081214,0.098406687,0.876760736,0.297669303,0.370458349,0.375351846,0.013411794,0.050363779,-0.842291591,-0.489240247,0.243658117,0.239003733,0.013490298,0.051014736,0.724259235,-0.361188616,0.164101798,0.155791193,0.020604,0.073425412,0.332864742,-1.076922587,0.097839356,0.088551819,0.022725979,0.078368187,0.213192212,-1.168268581,0.382781127,0.387217551,0.015904412,0.062515527,-0.521014878,-0.6473332,0.261792855,0.261859775,0.013224303,0.061239362,0.482709057,0.118388416,0.188584132,0.182543918,0.021394678,0.067858845,0.211511244,-1.301393045,0.128397274,0.119621962,0.027864225,0.09392859,0.206872295,-1.366203167,0.409289049,0.409476519,0.020036278,0.072001398,-0.082449714,-1.077939509,0.315012017,0.31276086,0.016401282,0.086660922,1.628330148,4.307490244,0.258534458,0.260431588,0.019267621,0.102908507,1.060600618,2.927139576,0.207749285,0.211791143,0.023301443,0.116375849,0.647542478,1.452874126,2.09E-07,2.59E-07,1.16E-07,4.51E-07,-1.477257646,0.919692475,0.006262126,0.009218441,0.016693269,0.05746755,0.463445862,-0.595228177,0.011616171,0.012730323,0.018611985,0.06727907,0.632681107,-0.351198146,0.013589598,0.015786173,0.018879795,0.084420899,0.497011272,-0.273686018,0.014774331,0.016132787,0.017921709,0.098115612,0.2867678,0.504817362,0.014586885,0.018991118,0.01857063,0.06200684,-0.041363939,-1.46947081,0.006425857,0.004995353,0.019186585,0.069803147,0.016613807,-1.224332319,-0.002750082,-0.002326822,0.016126887,0.076376747,-0.162067427,-0.191756688,-0.01013151,-0.007178098,0.014291001,0.078282502,-0.468971223,1.375193565,0.001227845,-0.009497668,0.020636701,0.058520889,0.204002305,-1.666758323,-0.006780847,-0.018041009,0.024708704,0.073062574,0.231661636,-1.621988458,-0.016350859,-0.024139382,0.022568419,0.074429249,0.128609112,-1.423263418,-0.023924963,-0.028571216,0.020672122,0.077662824,-0.02834179,-1.11983283,-0.013521914,-0.020534223,0.021975056,0.068671366,0.107086405,-1.424364168,-0.022259303,-0.028682282,0.025433362,0.078784002,0.130088935,-1.416944067,-0.029843352,-0.034757819,0.026353241,0.087097803,0.149061341,-1.299848651,-0.036135515,-0.038379773,0.026597164,0.09120895,0.13648549,-1.166548092,-0.028320301,-0.027578129,0.023050458,0.077235873,-0.288223461,-1.02939813,-0.036669459,-0.034361769,0.02756711,0.089801088,-0.197611,-1.118052601,-0.039089839,-0.035731506,0.029855193,0.101113505,-0.152248174,-1.086391037,-0.041053468,-0.037819177,0.031142634,0.109615922,-0.166402256,-1.002984818,0.714027548,0.737591088,0.068628975,0.197748721,-0.451766705,-1.303689357,0.369525063,0.416148931,0.142808918,0.353225037,-0.29295261,-1.631411782,0.091831529,0.101604499,0.38752359,0.965192735,-0.075197815,-1.658788569,0.388257683,0.439842999,0.152927799,0.375171468,-0.362236675,-1.593188478,-0.063580452,-0.079101563,0.249625048,1.506835938,0.074462366,1.443291502,0.919599817,0.91796875,0.024918422,0.119140625,0.568642308,0.421471634,0.045763381,-0.003417969,0.30133209,0.925292969,0.049185844,-1.48132242
twisthand_gesture5,,0.512065351,0.537834108,0.037885806,0.101343095,-0.356878895,-1.560890309,0.515420594,0.564566195,0.098472345,0.237302184,-0.105427238,-1.836512109,0.516167214,0.566564739,0.119056825,0.288871914,-0.092428625,-1.801703047,0.515252967,0.564412296,0.114022192,0.284411609,-0.09016527,-1.754885623,0.510287489,0.54109937,0.119359196,0.311531633,-0.037424095,-1.665838468,0.51732878,0.564566612,0.085663259,0.206007063,-0.178883123,-1.805986113,0.499815568,0.53096348,0.07664156,0.195000559,-0.128705249,-1.69408888,0.48832641,0.500645459,0.069841121,0.184169292,0.004536099,-1.604860703,0.480723574,0.481664598,0.063781079,0.172094464,0.121252993,-1.540735156,0.510319122,0.543933988,0.048182447,0.118478119,-0.286427471,-1.738282386,0.496097283,0.510678828,0.040176088,0.107507497,-0.262237798,-1.597487602,0.488071058,0.496980906,0.036053312,0.101836383,-0.180952926,-1.492993141,0.482791899,0.487224102,0.034140788,0.099523693,-0.108001628,-1.41187889,0.50110493,0.504437149,0.014741528,0.051593274,-0.484306529,-0.663722394,0.494101117,0.494658977,0.010717994,0.046180516,-0.068712404,-0.289181069,0.491910362,0.491595626,0.011577849,0.047771096,0.602477885,0.297501464,0.491326589,0.490763128,0.013191248,0.054394037,0.954499848,0.780009665,0.49237691,0.485008657,0.026511898,0.073004246,0.193754029,-1.628170676,0.488593126,0.47449252,0.031686524,0.085437268,0.155758959,-1.742694552,0.487947119,0.471979678,0.033044859,0.093707383,0.184638165,-1.702611554,0.488596494,0.473636031,0.032876373,0.100500196,0.235151361,-1.607728778,0.633107886,0.631714344,0.016152028,0.052872896,0.029092634,-1.284359201,0.559919854,0.565240085,0.024802464,0.085648119,-0.329012821,-0.988419057,0.45931978,0.460215509,0.020896064,0.075349122,-0.142296509,-1.074090413,0.374341906,0.378173828,0.016371103,0.064893752,-0.150409191,-0.481401939,0.31462699,0.312879145,0.018535236,0.070546001,0.272773705,-0.779424122,0.366279603,0.366189152,0.010965323,0.03776437,-0.166883632,-0.901755363,0.259976276,0.260088444,0.016314999,0.058990002,0.160986295,-0.993158933,0.200631454,0.205022857,0.022406021,0.071686491,-0.05141851,-1.431660272,0.151486963,0.151972845,0.026872543,0.10590072,0.326629332,-0.818499921,0.359240229,0.358768821,0.012031297,0.043949515,-0.293066022,-0.388237168,0.234310856,0.228910595,0.013909191,0.047330931,0.508814885,-1.046666331,0.156734753,0.14918758,0.022041734,0.067309588,0.459598606,-1.291320912,0.093107629,0.086929113,0.025192507,0.073545903,0.521466349,-1.263227845,0.371449678,0.369901061,0.015274232,0.053746462,-0.091551573,-0.758494107,0.253137397,0.251264632,0.012455463,0.049118668,0.437754531,-0.580206493,0.181013013,0.168667316,0.022658419,0.070497215,0.680727589,-1.114165544,0.122465489,0.10378921,0.030665928,0.091660261,0.672151005,-1.150181018,0.398421947,0.39419809,0.021084952,0.069916636,0.188501698,-1.208825081,0.304640012,0.307553738,0.013003675,0.070925355,0.405666814,1.9936943,0.248696146,0.249081612,0.015942148,0.08156392,0.337683176,0.505248024,0.199247739,0.19303982,0.020744322,0.094135106,0.431039506,-0.394659573,1.81E-07,2.27E-07,1.06E-07,3.76E-07,-1.301461435,0.490045162,0.008702442,0.013868287,0.016361737,0.055988173,0.132335443,-1.077693227,0.016379819,0.019762386,0.018172064,0.065640655,0.356263709,-0.86276883,0.020451859,0.023448914,0.018667675,0.06946777,0.294278862,-0.953865529,0.02374854,0.024747146,0.017759507,0.077628508,0.113262945,-0.675172529,0.017709695,0.022006601,0.017890031,0.051184503,-0.211834583,-1.616598336,0.011582178,0.014187965,0.018456033,0.055176837,-0.138051946,-1.574521968,0.004208775,0.006866776,0.014337795,0.060389111,-0.354693595,-0.855079861,-0.001793403,0.00019871,0.0116955,0.062571323,-1.03743778,1.814946311,0.004659309,-0.002659336,0.020545207,0.055414364,0.238531951,-1.671984369,-0.001957771,-0.013061311,0.025893046,0.07290484,0.305157406,-1.592908481,-0.009794682,-0.017555093,0.023893359,0.078577634,0.326554861,-1.406539975,-0.015742473,-0.022335799,0.021671286,0.083186466,0.314079372,-1.071477729,-0.009537444,-0.022883177,0.021478411,0.05899816,0.475070563,-1.506911303,-0.017044256,-0.033084903,0.026176556,0.078552643,0.519146113,-1.413913,-0.023095228,-0.037845261,0.02731258,0.090584056,0.577731697,-1.218759501,-0.027927433,-0.039827731,0.027349031,0.09799665,0.60894335,-1.026229936,-0.023511671,-0.028833333,0.021233698,0.066933331,0.327783321,-1.181450509,-0.030389577,-0.037175611,0.026433047,0.085634606,0.390593701,-1.130676696,-0.031393394,-0.037470203,0.028831958,0.098219587,0.418476274,-0.997070363,-0.032017275,-0.037112352,0.029948468,0.107077504,0.387194268,-0.860563563,0.712534167,0.744510472,0.064967526,0.190359652,-0.38051982,-1.363388985,0.355931887,0.361192375,0.138919934,0.328725234,-0.104580915,-1.744718909,0.107866253,0.200981095,0.399319574,0.967919409,-0.158651283,-1.700718042,0.39192209,0.482405216,0.148147549,0.365420729,-0.44924625,-1.598385145,-0.092263455,-0.091308594,0.273420972,1.473144531,-0.276522509,0.49386871,0.907248264,0.90625,0.021327165,0.08984375,0.205656006,-0.343281944,0.016449653,-0.041503906,0.330286902,0.944824219,0.088492868,-1.637816729
twisthand_gesture6,,,,,,,,,,,,,,,,,,,,,,,,,,,,,,,,,,,,,,,,,,,,,,,,,,,,,,,,,,,,,,,,,,,,,,,,,,,,,,,,,,,,,,,,,,,,,,,,,,,,,,,,,,,,,,,,,,,,,,,,,,,,,,,,,,,,,,,,,,,,,,,,,,,,,,,,,,,,,,,,,,,,,,,,,,,,,,,,,,,,,,,,,,,,,,,,,,,,,,,,,,,,,,,,,,,,,,,,,,,,,,,,,,,,,,,,,,,,,,,,,,,,,,,,,,,,,,,,,,,,,,,,,,,,,,,,,,,,,,,,,,,,,,,,,,,,,,,,,,,,,,,,,,,,,,,,,,,,,,,,,,,,,,,,,,,,,,,,,,,,,,,,,,,,,,,,,,,,,,,,,,,,,,,,,,,,,,,,,,,,,,,,,,,,,,,,,,,,,,,,,,,,,,,,,,,,,,,,,,,,,
twisthand_gesture7,,,,,,,,,,,,,,,,,,,,,,,,,,,,,,,,,,,,,,,,,,,,,,,,,,,,,,,,,,,,,,,,,,,,,,,,,,,,,,,,,,,,,,,,,,,,,,,,,,,,,,,,,,,,,,,,,,,,,,,,,,,,,,,,,,,,,,,,,,,,,,,,,,,,,,,,,,,,,,,,,,,,,,,,,,,,,,,,,,,,,,,,,,,,,,,,,,,,,,,,,,,,,,,,,,,,,,,,,,,,,,,,,,,,,,,,,,,,,,,,,,,,,,,,,,,,,,,,,,,,,,,,,,,,,,,,,,,,,,,,,,,,,,,,,,,,,,,,,,,,,,,,,,,,,,,,,,,,,,,,,,,,,,,,,,,,,,,,,,,,,,,,,,,,,,,,,,,,,,,,,,,,,,,,,,,,,,,,,,,,,,,,,,,,,,,,,,,,,,,,,,,,,,,,,,,,,,,,,,,,,
twisthand_gesture8,,,,,,,,,,,,,,,,,,,,,,,,,,,,,,,,,,,,,,,,,,,,,,,,,,,,,,,,,,,,,,,,,,,,,,,,,,,,,,,,,,,,,,,,,,,,,,,,,,,,,,,,,,,,,,,,,,,,,,,,,,,,,,,,,,,,,,,,,,,,,,,,,,,,,,,,,,,,,,,,,,,,,,,,,,,,,,,,,,,,,,,,,,,,,,,,,,,,,,,,,,,,,,,,,,,,,,,,,,,,,,,,,,,,,,,,,,,,,,,,,,,,,,,,,,,,,,,,,,,,,,,,,,,,,,,,,,,,,,,,,,,,,,,,,,,,,,,,,,,,,,,,,,,,,,,,,,,,,,,,,,,,,,,,,,,,,,,,,,,,,,,,,,,,,,,,,,,,,,,,,,,,,,,,,,,,,,,,,,,,,,,,,,,,,,,,,,,,,,,,,,,,,,,,,,,,,,,,,,,,,
twisthand_gesture9,,,,,,,,,,,,,,,,,,,,,,,,,,,,,,,,,,,,,,,,,,,,,,,,,,,,,,,,,,,,,,,,,,,,,,,,,,,,,,,,,,,,,,,,,,,,,,,,,,,,,,,,,,,,,,,,,,,,,,,,,,,,,,,,,,,,,,,,,,,,,,,,,,,,,,,,,,,,,,,,,,,,,,,,,,,,,,,,,,,,,,,,,,,,,,,,,,,,,,,,,,,,,,,,,,,,,,,,,,,,,,,,,,,,,,,,,,,,,,,,,,,,,,,,,,,,,,,,,,,,,,,,,,,,,,,,,,,,,,,,,,,,,,,,,,,,,,,,,,,,,,,,,,,,,,,,,,,,,,,,,,,,,,,,,,,,,,,,,,,,,,,,,,,,,,,,,,,,,,,,,,,,,,,,,,,,,,,,,,,,,,,,,,,,,,,,,,,,,,,,,,,,,,,,,,,,,,,,,,,,,
twisthand_gesture10,,,,,,,,,,,,,,,,,,,,,,,,,,,,,,,,,,,,,,,,,,,,,,,,,,,,,,,,,,,,,,,,,,,,,,,,,,,,,,,,,,,,,,,,,,,,,,,,,,,,,,,,,,,,,,,,,,,,,,,,,,,,,,,,,,,,,,,,,,,,,,,,,,,,,,,,,,,,,,,,,,,,,,,,,,,,,,,,,,,,,,,,,,,,,,,,,,,,,,,,,,,,,,,,,,,,,,,,,,,,,,,,,,,,,,,,,,,,,,,,,,,,,,,,,,,,,,,,,,,,,,,,,,,,,,,,,,,,,,,,,,,,,,,,,,,,,,,,,,,,,,,,,,,,,,,,,,,,,,,,,,,,,,,,,,,,,,,,,,,,,,,,,,,,,,,,,,,,,,,,,,,,,,,,,,,,,,,,,,,,,,,,,,,,,,,,,,,,,,,,,,,,,,,,,,,,,,,,,,,,,
openclose_intermission1,,,,,,,,,,,,,,,,,,,,,,,,,,,,,,,,,,,,,,,,,,,,,,,,,,,,,,,,,,,,,,,,,,,,,,,,,,,,,,,,,,,,,,,,,,,,,,,,,,,,,,,,,,,,,,,,,,,,,,,,,,,,,,,,,,,,,,,,,,,,,,,,,,,,,,,,,,,,,,,,,,,,,,,,,,,,,,,,,,,,,,,,,,,,,,,,,,,,,,,,,,,,,,,,,,,,,,,,,,,,,,,,,,,,,,,,,,,,,,,,,,,,,,,,,,,,,,,,,,,,,,,,,,,,,,,,,,,,,,,,,,,,,,,,,,,,,,,,,,,,,,,,,,,,,,,,,,,,,,,,,,,,,,,,,,,,,,,,,,,,,,,,,,,,,,,,,,,,,,,,,,,,,,,,,,,,,,,,,,,,,,,,,,,,,,,,,,,,,,,,,,,,,,,,,,,,,,,,,,,,,
openclose_gesture1,,,,,,,,,,,,,,,,,,,,,,,,,,,,,,,,,,,,,,,,,,,,,,,,,,,,,,,,,,,,,,,,,,,,,,,,,,,,,,,,,,,,,,,,,,,,,,,,,,,,,,,,,,,,,,,,,,,,,,,,,,,,,,,,,,,,,,,,,,,,,,,,,,,,,,,,,,,,,,,,,,,,,,,,,,,,,,,,,,,,,,,,,,,,,,,,,,,,,,,,,,,,,,,,,,,,,,,,,,,,,,,,,,,,,,,,,,,,,,,,,,,,,,,,,,,,,,,,,,,,,,,,,,,,,,,,,,,,,,,,,,,,,,,,,,,,,,,,,,,,,,,,,,,,,,,,,,,,,,,,,,,,,,,,,,,,,,,,,,,,,,,,,,,,,,,,,,,,,,,,,,,,,,,,,,,,,,,,,,,,,,,,,,,,,,,,,,,,,,,,,,,,,,,,,,,,,,,,,,,,,
openclose_gesture2,,,,,,,,,,,,,,,,,,,,,,,,,,,,,,,,,,,,,,,,,,,,,,,,,,,,,,,,,,,,,,,,,,,,,,,,,,,,,,,,,,,,,,,,,,,,,,,,,,,,,,,,,,,,,,,,,,,,,,,,,,,,,,,,,,,,,,,,,,,,,,,,,,,,,,,,,,,,,,,,,,,,,,,,,,,,,,,,,,,,,,,,,,,,,,,,,,,,,,,,,,,,,,,,,,,,,,,,,,,,,,,,,,,,,,,,,,,,,,,,,,,,,,,,,,,,,,,,,,,,,,,,,,,,,,,,,,,,,,,,,,,,,,,,,,,,,,,,,,,,,,,,,,,,,,,,,,,,,,,,,,,,,,,,,,,,,,,,,,,,,,,,,,,,,,,,,,,,,,,,,,,,,,,,,,,,,,,,,,,,,,,,,,,,,,,,,,,,,,,,,,,,,,,,,,,,,,,,,,,,,
openclose_gesture3,,,,,,,,,,,,,,,,,,,,,,,,,,,,,,,,,,,,,,,,,,,,,,,,,,,,,,,,,,,,,,,,,,,,,,,,,,,,,,,,,,,,,,,,,,,,,,,,,,,,,,,,,,,,,,,,,,,,,,,,,,,,,,,,,,,,,,,,,,,,,,,,,,,,,,,,,,,,,,,,,,,,,,,,,,,,,,,,,,,,,,,,,,,,,,,,,,,,,,,,,,,,,,,,,,,,,,,,,,,,,,,,,,,,,,,,,,,,,,,,,,,,,,,,,,,,,,,,,,,,,,,,,,,,,,,,,,,,,,,,,,,,,,,,,,,,,,,,,,,,,,,,,,,,,,,,,,,,,,,,,,,,,,,,,,,,,,,,,,,,,,,,,,,,,,,,,,,,,,,,,,,,,,,,,,,,,,,,,,,,,,,,,,,,,,,,,,,,,,,,,,,,,,,,,,,,,,,,,,,,,
openclose_gesture4,,,,,,,,,,,,,,,,,,,,,,,,,,,,,,,,,,,,,,,,,,,,,,,,,,,,,,,,,,,,,,,,,,,,,,,,,,,,,,,,,,,,,,,,,,,,,,,,,,,,,,,,,,,,,,,,,,,,,,,,,,,,,,,,,,,,,,,,,,,,,,,,,,,,,,,,,,,,,,,,,,,,,,,,,,,,,,,,,,,,,,,,,,,,,,,,,,,,,,,,,,,,,,,,,,,,,,,,,,,,,,,,,,,,,,,,,,,,,,,,,,,,,,,,,,,,,,,,,,,,,,,,,,,,,,,,,,,,,,,,,,,,,,,,,,,,,,,,,,,,,,,,,,,,,,,,,,,,,,,,,,,,,,,,,,,,,,,,,,,,,,,,,,,,,,,,,,,,,,,,,,,,,,,,,,,,,,,,,,,,,,,,,,,,,,,,,,,,,,,,,,,,,,,,,,,,,,,,,,,,,
openclose_gesture5,,,,,,,,,,,,,,,,,,,,,,,,,,,,,,,,,,,,,,,,,,,,,,,,,,,,,,,,,,,,,,,,,,,,,,,,,,,,,,,,,,,,,,,,,,,,,,,,,,,,,,,,,,,,,,,,,,,,,,,,,,,,,,,,,,,,,,,,,,,,,,,,,,,,,,,,,,,,,,,,,,,,,,,,,,,,,,,,,,,,,,,,,,,,,,,,,,,,,,,,,,,,,,,,,,,,,,,,,,,,,,,,,,,,,,,,,,,,,,,,,,,,,,,,,,,,,,,,,,,,,,,,,,,,,,,,,,,,,,,,,,,,,,,,,,,,,,,,,,,,,,,,,,,,,,,,,,,,,,,,,,,,,,,,,,,,,,,,,,,,,,,,,,,,,,,,,,,,,,,,,,,,,,,,,,,,,,,,,,,,,,,,,,,,,,,,,,,,,,,,,,,,,,,,,,,,,,,,,,,,,
openclose_gesture6,,,,,,,,,,,,,,,,,,,,,,,,,,,,,,,,,,,,,,,,,,,,,,,,,,,,,,,,,,,,,,,,,,,,,,,,,,,,,,,,,,,,,,,,,,,,,,,,,,,,,,,,,,,,,,,,,,,,,,,,,,,,,,,,,,,,,,,,,,,,,,,,,,,,,,,,,,,,,,,,,,,,,,,,,,,,,,,,,,,,,,,,,,,,,,,,,,,,,,,,,,,,,,,,,,,,,,,,,,,,,,,,,,,,,,,,,,,,,,,,,,,,,,,,,,,,,,,,,,,,,,,,,,,,,,,,,,,,,,,,,,,,,,,,,,,,,,,,,,,,,,,,,,,,,,,,,,,,,,,,,,,,,,,,,,,,,,,,,,,,,,,,,,,,,,,,,,,,,,,,,,,,,,,,,,,,,,,,,,,,,,,,,,,,,,,,,,,,,,,,,,,,,,,,,,,,,,,,,,,,,
openclose_gesture7,,,,,,,,,,,,,,,,,,,,,,,,,,,,,,,,,,,,,,,,,,,,,,,,,,,,,,,,,,,,,,,,,,,,,,,,,,,,,,,,,,,,,,,,,,,,,,,,,,,,,,,,,,,,,,,,,,,,,,,,,,,,,,,,,,,,,,,,,,,,,,,,,,,,,,,,,,,,,,,,,,,,,,,,,,,,,,,,,,,,,,,,,,,,,,,,,,,,,,,,,,,,,,,,,,,,,,,,,,,,,,,,,,,,,,,,,,,,,,,,,,,,,,,,,,,,,,,,,,,,,,,,,,,,,,,,,,,,,,,,,,,,,,,,,,,,,,,,,,,,,,,,,,,,,,,,,,,,,,,,,,,,,,,,,,,,,,,,,,,,,,,,,,,,,,,,,,,,,,,,,,,,,,,,,,,,,,,,,,,,,,,,,,,,,,,,,,,,,,,,,,,,,,,,,,,,,,,,,,,,,
openclose_gesture8,,,,,,,,,,,,,,,,,,,,,,,,,,,,,,,,,,,,,,,,,,,,,,,,,,,,,,,,,,,,,,,,,,,,,,,,,,,,,,,,,,,,,,,,,,,,,,,,,,,,,,,,,,,,,,,,,,,,,,,,,,,,,,,,,,,,,,,,,,,,,,,,,,,,,,,,,,,,,,,,,,,,,,,,,,,,,,,,,,,,,,,,,,,,,,,,,,,,,,,,,,,,,,,,,,,,,,,,,,,,,,,,,,,,,,,,,,,,,,,,,,,,,,,,,,,,,,,,,,,,,,,,,,,,,,,,,,,,,,,,,,,,,,,,,,,,,,,,,,,,,,,,,,,,,,,,,,,,,,,,,,,,,,,,,,,,,,,,,,,,,,,,,,,,,,,,,,,,,,,,,,,,,,,,,,,,,,,,,,,,,,,,,,,,,,,,,,,,,,,,,,,,,,,,,,,,,,,,,,,,,
openclose_gesture9,,,,,,,,,,,,,,,,,,,,,,,,,,,,,,,,,,,,,,,,,,,,,,,,,,,,,,,,,,,,,,,,,,,,,,,,,,,,,,,,,,,,,,,,,,,,,,,,,,,,,,,,,,,,,,,,,,,,,,,,,,,,,,,,,,,,,,,,,,,,,,,,,,,,,,,,,,,,,,,,,,,,,,,,,,,,,,,,,,,,,,,,,,,,,,,,,,,,,,,,,,,,,,,,,,,,,,,,,,,,,,,,,,,,,,,,,,,,,,,,,,,,,,,,,,,,,,,,,,,,,,,,,,,,,,,,,,,,,,,,,,,,,,,,,,,,,,,,,,,,,,,,,,,,,,,,,,,,,,,,,,,,,,,,,,,,,,,,,,,,,,,,,,,,,,,,,,,,,,,,,,,,,,,,,,,,,,,,,,,,,,,,,,,,,,,,,,,,,,,,,,,,,,,,,,,,,,,,,,,,,
openclose_gesture10,,,,,,,,,,,,,,,,,,,,,,,,,,,,,,,,,,,,,,,,,,,,,,,,,,,,,,,,,,,,,,,,,,,,,,,,,,,,,,,,,,,,,,,,,,,,,,,,,,,,,,,,,,,,,,,,,,,,,,,,,,,,,,,,,,,,,,,,,,,,,,,,,,,,,,,,,,,,,,,,,,,,,,,,,,,,,,,,,,,,,,,,,,,,,,,,,,,,,,,,,,,,,,,,,,,,,,,,,,,,,,,,,,,,,,,,,,,,,,,,,,,,,,,,,,,,,,,,,,,,,,,,,,,,,,,,,,,,,,,,,,,,,,,,,,,,,,,,,,,,,,,,,,,,,,,,,,,,,,,,,,,,,,,,,,,,,,,,,,,,,,,,,,,,,,,,,,,,,,,,,,,,,,,,,,,,,,,,,,,,,,,,,,,,,,,,,,,,,,,,,,,,,,,,,,,,,,,,,,,,,
openclose_intermission2,,,,,,,,,,,,,,,,,,,,,,,,,,,,,,,,,,,,,,,,,,,,,,,,,,,,,,,,,,,,,,,,,,,,,,,,,,,,,,,,,,,,,,,,,,,,,,,,,,,,,,,,,,,,,,,,,,,,,,,,,,,,,,,,,,,,,,,,,,,,,,,,,,,,,,,,,,,,,,,,,,,,,,,,,,,,,,,,,,,,,,,,,,,,,,,,,,,,,,,,,,,,,,,,,,,,,,,,,,,,,,,,,,,,,,,,,,,,,,,,,,,,,,,,,,,,,,,,,,,,,,,,,,,,,,,,,,,,,,,,,,,,,,,,,,,,,,,,,,,,,,,,,,,,,,,,,,,,,,,,,,,,,,,,,,,,,,,,,,,,,,,,,,,,,,,,,,,,,,,,,,,,,,,,,,,,,,,,,,,,,,,,,,,,,,,,,,,,,,,,,,,,,,,,,,,,,,,,,,,,,
insertRTL_intermission1,,,,,,,,,,,,,,,,,,,,,,,,,,,,,,,,,,,,,,,,,,,,,,,,,,,,,,,,,,,,,,,,,,,,,,,,,,,,,,,,,,,,,,,,,,,,,,,,,,,,,,,,,,,,,,,,,,,,,,,,,,,,,,,,,,,,,,,,,,,,,,,,,,,,,,,,,,,,,,,,,,,,,,,,,,,,,,,,,,,,,,,,,,,,,,,,,,,,,,,,,,,,,,,,,,,,,,,,,,,,,,,,,,,,,,,,,,,,,,,,,,,,,,,,,,,,,,,,,,,,,,,,,,,,,,,,,,,,,,,,,,,,,,,,,,,,,,,,,,,,,,,,,,,,,,,,,,,,,,,,,,,,,,,,,,,,,,,,,,,,,,,,,,,,,,,,,,,,,,,,,,,,,,,,,,,,,,,,,,,,,,,,,,,,,,,,,,,,,,,,,,,,,,,,,,,,,,,,,,,,,
insertRTL_gesture1,,,,,,,,,,,,,,,,,,,,,,,,,,,,,,,,,,,,,,,,,,,,,,,,,,,,,,,,,,,,,,,,,,,,,,,,,,,,,,,,,,,,,,,,,,,,,,,,,,,,,,,,,,,,,,,,,,,,,,,,,,,,,,,,,,,,,,,,,,,,,,,,,,,,,,,,,,,,,,,,,,,,,,,,,,,,,,,,,,,,,,,,,,,,,,,,,,,,,,,,,,,,,,,,,,,,,,,,,,,,,,,,,,,,,,,,,,,,,,,,,,,,,,,,,,,,,,,,,,,,,,,,,,,,,,,,,,,,,,,,,,,,,,,,,,,,,,,,,,,,,,,,,,,,,,,,,,,,,,,,,,,,,,,,,,,,,,,,,,,,,,,,,,,,,,,,,,,,,,,,,,,,,,,,,,,,,,,,,,,,,,,,,,,,,,,,,,,,,,,,,,,,,,,,,,,,,,,,,,,,,
insertRTL_gesture2,,,,,,,,,,,,,,,,,,,,,,,,,,,,,,,,,,,,,,,,,,,,,,,,,,,,,,,,,,,,,,,,,,,,,,,,,,,,,,,,,,,,,,,,,,,,,,,,,,,,,,,,,,,,,,,,,,,,,,,,,,,,,,,,,,,,,,,,,,,,,,,,,,,,,,,,,,,,,,,,,,,,,,,,,,,,,,,,,,,,,,,,,,,,,,,,,,,,,,,,,,,,,,,,,,,,,,,,,,,,,,,,,,,,,,,,,,,,,,,,,,,,,,,,,,,,,,,,,,,,,,,,,,,,,,,,,,,,,,,,,,,,,,,,,,,,,,,,,,,,,,,,,,,,,,,,,,,,,,,,,,,,,,,,,,,,,,,,,,,,,,,,,,,,,,,,,,,,,,,,,,,,,,,,,,,,,,,,,,,,,,,,,,,,,,,,,,,,,,,,,,,,,,,,,,,,,,,,,,,,,
insertRTL_gesture3,,,,,,,,,,,,,,,,,,,,,,,,,,,,,,,,,,,,,,,,,,,,,,,,,,,,,,,,,,,,,,,,,,,,,,,,,,,,,,,,,,,,,,,,,,,,,,,,,,,,,,,,,,,,,,,,,,,,,,,,,,,,,,,,,,,,,,,,,,,,,,,,,,,,,,,,,,,,,,,,,,,,,,,,,,,,,,,,,,,,,,,,,,,,,,,,,,,,,,,,,,,,,,,,,,,,,,,,,,,,,,,,,,,,,,,,,,,,,,,,,,,,,,,,,,,,,,,,,,,,,,,,,,,,,,,,,,,,,,,,,,,,,,,,,,,,,,,,,,,,,,,,,,,,,,,,,,,,,,,,,,,,,,,,,,,,,,,,,,,,,,,,,,,,,,,,,,,,,,,,,,,,,,,,,,,,,,,,,,,,,,,,,,,,,,,,,,,,,,,,,,,,,,,,,,,,,,,,,,,,,
insertRTL_gesture4,,,,,,,,,,,,,,,,,,,,,,,,,,,,,,,,,,,,,,,,,,,,,,,,,,,,,,,,,,,,,,,,,,,,,,,,,,,,,,,,,,,,,,,,,,,,,,,,,,,,,,,,,,,,,,,,,,,,,,,,,,,,,,,,,,,,,,,,,,,,,,,,,,,,,,,,,,,,,,,,,,,,,,,,,,,,,,,,,,,,,,,,,,,,,,,,,,,,,,,,,,,,,,,,,,,,,,,,,,,,,,,,,,,,,,,,,,,,,,,,,,,,,,,,,,,,,,,,,,,,,,,,,,,,,,,,,,,,,,,,,,,,,,,,,,,,,,,,,,,,,,,,,,,,,,,,,,,,,,,,,,,,,,,,,,,,,,,,,,,,,,,,,,,,,,,,,,,,,,,,,,,,,,,,,,,,,,,,,,,,,,,,,,,,,,,,,,,,,,,,,,,,,,,,,,,,,,,,,,,,,
insertRTL_gesture5,,,,,,,,,,,,,,,,,,,,,,,,,,,,,,,,,,,,,,,,,,,,,,,,,,,,,,,,,,,,,,,,,,,,,,,,,,,,,,,,,,,,,,,,,,,,,,,,,,,,,,,,,,,,,,,,,,,,,,,,,,,,,,,,,,,,,,,,,,,,,,,,,,,,,,,,,,,,,,,,,,,,,,,,,,,,,,,,,,,,,,,,,,,,,,,,,,,,,,,,,,,,,,,,,,,,,,,,,,,,,,,,,,,,,,,,,,,,,,,,,,,,,,,,,,,,,,,,,,,,,,,,,,,,,,,,,,,,,,,,,,,,,,,,,,,,,,,,,,,,,,,,,,,,,,,,,,,,,,,,,,,,,,,,,,,,,,,,,,,,,,,,,,,,,,,,,,,,,,,,,,,,,,,,,,,,,,,,,,,,,,,,,,,,,,,,,,,,,,,,,,,,,,,,,,,,,,,,,,,,,
insertRTL_gesture6,,,,,,,,,,,,,,,,,,,,,,,,,,,,,,,,,,,,,,,,,,,,,,,,,,,,,,,,,,,,,,,,,,,,,,,,,,,,,,,,,,,,,,,,,,,,,,,,,,,,,,,,,,,,,,,,,,,,,,,,,,,,,,,,,,,,,,,,,,,,,,,,,,,,,,,,,,,,,,,,,,,,,,,,,,,,,,,,,,,,,,,,,,,,,,,,,,,,,,,,,,,,,,,,,,,,,,,,,,,,,,,,,,,,,,,,,,,,,,,,,,,,,,,,,,,,,,,,,,,,,,,,,,,,,,,,,,,,,,,,,,,,,,,,,,,,,,,,,,,,,,,,,,,,,,,,,,,,,,,,,,,,,,,,,,,,,,,,,,,,,,,,,,,,,,,,,,,,,,,,,,,,,,,,,,,,,,,,,,,,,,,,,,,,,,,,,,,,,,,,,,,,,,,,,,,,,,,,,,,,,
insertRTL_gesture7,,,,,,,,,,,,,,,,,,,,,,,,,,,,,,,,,,,,,,,,,,,,,,,,,,,,,,,,,,,,,,,,,,,,,,,,,,,,,,,,,,,,,,,,,,,,,,,,,,,,,,,,,,,,,,,,,,,,,,,,,,,,,,,,,,,,,,,,,,,,,,,,,,,,,,,,,,,,,,,,,,,,,,,,,,,,,,,,,,,,,,,,,,,,,,,,,,,,,,,,,,,,,,,,,,,,,,,,,,,,,,,,,,,,,,,,,,,,,,,,,,,,,,,,,,,,,,,,,,,,,,,,,,,,,,,,,,,,,,,,,,,,,,,,,,,,,,,,,,,,,,,,,,,,,,,,,,,,,,,,,,,,,,,,,,,,,,,,,,,,,,,,,,,,,,,,,,,,,,,,,,,,,,,,,,,,,,,,,,,,,,,,,,,,,,,,,,,,,,,,,,,,,,,,,,,,,,,,,,,,,
insertRTL_gesture8,,,,,,,,,,,,,,,,,,,,,,,,,,,,,,,,,,,,,,,,,,,,,,,,,,,,,,,,,,,,,,,,,,,,,,,,,,,,,,,,,,,,,,,,,,,,,,,,,,,,,,,,,,,,,,,,,,,,,,,,,,,,,,,,,,,,,,,,,,,,,,,,,,,,,,,,,,,,,,,,,,,,,,,,,,,,,,,,,,,,,,,,,,,,,,,,,,,,,,,,,,,,,,,,,,,,,,,,,,,,,,,,,,,,,,,,,,,,,,,,,,,,,,,,,,,,,,,,,,,,,,,,,,,,,,,,,,,,,,,,,,,,,,,,,,,,,,,,,,,,,,,,,,,,,,,,,,,,,,,,,,,,,,,,,,,,,,,,,,,,,,,,,,,,,,,,,,,,,,,,,,,,,,,,,,,,,,,,,,,,,,,,,,,,,,,,,,,,,,,,,,,,,,,,,,,,,,,,,,,,,
insertRTL_gesture9,,,,,,,,,,,,,,,,,,,,,,,,,,,,,,,,,,,,,,,,,,,,,,,,,,,,,,,,,,,,,,,,,,,,,,,,,,,,,,,,,,,,,,,,,,,,,,,,,,,,,,,,,,,,,,,,,,,,,,,,,,,,,,,,,,,,,,,,,,,,,,,,,,,,,,,,,,,,,,,,,,,,,,,,,,,,,,,,,,,,,,,,,,,,,,,,,,,,,,,,,,,,,,,,,,,,,,,,,,,,,,,,,,,,,,,,,,,,,,,,,,,,,,,,,,,,,,,,,,,,,,,,,,,,,,,,,,,,,,,,,,,,,,,,,,,,,,,,,,,,,,,,,,,,,,,,,,,,,,,,,,,,,,,,,,,,,,,,,,,,,,,,,,,,,,,,,,,,,,,,,,,,,,,,,,,,,,,,,,,,,,,,,,,,,,,,,,,,,,,,,,,,,,,,,,,,,,,,,,,,,
insertRTL_gesture10,,,,,,,,,,,,,,,,,,,,,,,,,,,,,,,,,,,,,,,,,,,,,,,,,,,,,,,,,,,,,,,,,,,,,,,,,,,,,,,,,,,,,,,,,,,,,,,,,,,,,,,,,,,,,,,,,,,,,,,,,,,,,,,,,,,,,,,,,,,,,,,,,,,,,,,,,,,,,,,,,,,,,,,,,,,,,,,,,,,,,,,,,,,,,,,,,,,,,,,,,,,,,,,,,,,,,,,,,,,,,,,,,,,,,,,,,,,,,,,,,,,,,,,,,,,,,,,,,,,,,,,,,,,,,,,,,,,,,,,,,,,,,,,,,,,,,,,,,,,,,,,,,,,,,,,,,,,,,,,,,,,,,,,,,,,,,,,,,,,,,,,,,,,,,,,,,,,,,,,,,,,,,,,,,,,,,,,,,,,,,,,,,,,,,,,,,,,,,,,,,,,,,,,,,,,,,,,,,,,,,
insertRTL_intermission2,,,,,,,,,,,,,,,,,,,,,,,,,,,,,,,,,,,,,,,,,,,,,,,,,,,,,,,,,,,,,,,,,,,,,,,,,,,,,,,,,,,,,,,,,,,,,,,,,,,,,,,,,,,,,,,,,,,,,,,,,,,,,,,,,,,,,,,,,,,,,,,,,,,,,,,,,,,,,,,,,,,,,,,,,,,,,,,,,,,,,,,,,,,,,,,,,,,,,,,,,,,,,,,,,,,,,,,,,,,,,,,,,,,,,,,,,,,,,,,,,,,,,,,,,,,,,,,,,,,,,,,,,,,,,,,,,,,,,,,,,,,,,,,,,,,,,,,,,,,,,,,,,,,,,,,,,,,,,,,,,,,,,,,,,,,,,,,,,,,,,,,,,,,,,,,,,,,,,,,,,,,,,,,,,,,,,,,,,,,,,,,,,,,,,,,,,,,,,,,,,,,,,,,,,,,,,,,,,,,,,
insertFTB_intermission1,,,,,,,,,,,,,,,,,,,,,,,,,,,,,,,,,,,,,,,,,,,,,,,,,,,,,,,,,,,,,,,,,,,,,,,,,,,,,,,,,,,,,,,,,,,,,,,,,,,,,,,,,,,,,,,,,,,,,,,,,,,,,,,,,,,,,,,,,,,,,,,,,,,,,,,,,,,,,,,,,,,,,,,,,,,,,,,,,,,,,,,,,,,,,,,,,,,,,,,,,,,,,,,,,,,,,,,,,,,,,,,,,,,,,,,,,,,,,,,,,,,,,,,,,,,,,,,,,,,,,,,,,,,,,,,,,,,,,,,,,,,,,,,,,,,,,,,,,,,,,,,,,,,,,,,,,,,,,,,,,,,,,,,,,,,,,,,,,,,,,,,,,,,,,,,,,,,,,,,,,,,,,,,,,,,,,,,,,,,,,,,,,,,,,,,,,,,,,,,,,,,,,,,,,,,,,,,,,,,,,
insertFTB_gesture1,,,,,,,,,,,,,,,,,,,,,,,,,,,,,,,,,,,,,,,,,,,,,,,,,,,,,,,,,,,,,,,,,,,,,,,,,,,,,,,,,,,,,,,,,,,,,,,,,,,,,,,,,,,,,,,,,,,,,,,,,,,,,,,,,,,,,,,,,,,,,,,,,,,,,,,,,,,,,,,,,,,,,,,,,,,,,,,,,,,,,,,,,,,,,,,,,,,,,,,,,,,,,,,,,,,,,,,,,,,,,,,,,,,,,,,,,,,,,,,,,,,,,,,,,,,,,,,,,,,,,,,,,,,,,,,,,,,,,,,,,,,,,,,,,,,,,,,,,,,,,,,,,,,,,,,,,,,,,,,,,,,,,,,,,,,,,,,,,,,,,,,,,,,,,,,,,,,,,,,,,,,,,,,,,,,,,,,,,,,,,,,,,,,,,,,,,,,,,,,,,,,,,,,,,,,,,,,,,,,,,
insertFTB_gesture2,,,,,,,,,,,,,,,,,,,,,,,,,,,,,,,,,,,,,,,,,,,,,,,,,,,,,,,,,,,,,,,,,,,,,,,,,,,,,,,,,,,,,,,,,,,,,,,,,,,,,,,,,,,,,,,,,,,,,,,,,,,,,,,,,,,,,,,,,,,,,,,,,,,,,,,,,,,,,,,,,,,,,,,,,,,,,,,,,,,,,,,,,,,,,,,,,,,,,,,,,,,,,,,,,,,,,,,,,,,,,,,,,,,,,,,,,,,,,,,,,,,,,,,,,,,,,,,,,,,,,,,,,,,,,,,,,,,,,,,,,,,,,,,,,,,,,,,,,,,,,,,,,,,,,,,,,,,,,,,,,,,,,,,,,,,,,,,,,,,,,,,,,,,,,,,,,,,,,,,,,,,,,,,,,,,,,,,,,,,,,,,,,,,,,,,,,,,,,,,,,,,,,,,,,,,,,,,,,,,,,
insertFTB_gesture3,,,,,,,,,,,,,,,,,,,,,,,,,,,,,,,,,,,,,,,,,,,,,,,,,,,,,,,,,,,,,,,,,,,,,,,,,,,,,,,,,,,,,,,,,,,,,,,,,,,,,,,,,,,,,,,,,,,,,,,,,,,,,,,,,,,,,,,,,,,,,,,,,,,,,,,,,,,,,,,,,,,,,,,,,,,,,,,,,,,,,,,,,,,,,,,,,,,,,,,,,,,,,,,,,,,,,,,,,,,,,,,,,,,,,,,,,,,,,,,,,,,,,,,,,,,,,,,,,,,,,,,,,,,,,,,,,,,,,,,,,,,,,,,,,,,,,,,,,,,,,,,,,,,,,,,,,,,,,,,,,,,,,,,,,,,,,,,,,,,,,,,,,,,,,,,,,,,,,,,,,,,,,,,,,,,,,,,,,,,,,,,,,,,,,,,,,,,,,,,,,,,,,,,,,,,,,,,,,,,,,
insertFTB_gesture4,,,,,,,,,,,,,,,,,,,,,,,,,,,,,,,,,,,,,,,,,,,,,,,,,,,,,,,,,,,,,,,,,,,,,,,,,,,,,,,,,,,,,,,,,,,,,,,,,,,,,,,,,,,,,,,,,,,,,,,,,,,,,,,,,,,,,,,,,,,,,,,,,,,,,,,,,,,,,,,,,,,,,,,,,,,,,,,,,,,,,,,,,,,,,,,,,,,,,,,,,,,,,,,,,,,,,,,,,,,,,,,,,,,,,,,,,,,,,,,,,,,,,,,,,,,,,,,,,,,,,,,,,,,,,,,,,,,,,,,,,,,,,,,,,,,,,,,,,,,,,,,,,,,,,,,,,,,,,,,,,,,,,,,,,,,,,,,,,,,,,,,,,,,,,,,,,,,,,,,,,,,,,,,,,,,,,,,,,,,,,,,,,,,,,,,,,,,,,,,,,,,,,,,,,,,,,,,,,,,,,
insertFTB_gesture5,,,,,,,,,,,,,,,,,,,,,,,,,,,,,,,,,,,,,,,,,,,,,,,,,,,,,,,,,,,,,,,,,,,,,,,,,,,,,,,,,,,,,,,,,,,,,,,,,,,,,,,,,,,,,,,,,,,,,,,,,,,,,,,,,,,,,,,,,,,,,,,,,,,,,,,,,,,,,,,,,,,,,,,,,,,,,,,,,,,,,,,,,,,,,,,,,,,,,,,,,,,,,,,,,,,,,,,,,,,,,,,,,,,,,,,,,,,,,,,,,,,,,,,,,,,,,,,,,,,,,,,,,,,,,,,,,,,,,,,,,,,,,,,,,,,,,,,,,,,,,,,,,,,,,,,,,,,,,,,,,,,,,,,,,,,,,,,,,,,,,,,,,,,,,,,,,,,,,,,,,,,,,,,,,,,,,,,,,,,,,,,,,,,,,,,,,,,,,,,,,,,,,,,,,,,,,,,,,,,,,
insertFTB_gesture6,,,,,,,,,,,,,,,,,,,,,,,,,,,,,,,,,,,,,,,,,,,,,,,,,,,,,,,,,,,,,,,,,,,,,,,,,,,,,,,,,,,,,,,,,,,,,,,,,,,,,,,,,,,,,,,,,,,,,,,,,,,,,,,,,,,,,,,,,,,,,,,,,,,,,,,,,,,,,,,,,,,,,,,,,,,,,,,,,,,,,,,,,,,,,,,,,,,,,,,,,,,,,,,,,,,,,,,,,,,,,,,,,,,,,,,,,,,,,,,,,,,,,,,,,,,,,,,,,,,,,,,,,,,,,,,,,,,,,,,,,,,,,,,,,,,,,,,,,,,,,,,,,,,,,,,,,,,,,,,,,,,,,,,,,,,,,,,,,,,,,,,,,,,,,,,,,,,,,,,,,,,,,,,,,,,,,,,,,,,,,,,,,,,,,,,,,,,,,,,,,,,,,,,,,,,,,,,,,,,,,
insertFTB_gesture7,,,,,,,,,,,,,,,,,,,,,,,,,,,,,,,,,,,,,,,,,,,,,,,,,,,,,,,,,,,,,,,,,,,,,,,,,,,,,,,,,,,,,,,,,,,,,,,,,,,,,,,,,,,,,,,,,,,,,,,,,,,,,,,,,,,,,,,,,,,,,,,,,,,,,,,,,,,,,,,,,,,,,,,,,,,,,,,,,,,,,,,,,,,,,,,,,,,,,,,,,,,,,,,,,,,,,,,,,,,,,,,,,,,,,,,,,,,,,,,,,,,,,,,,,,,,,,,,,,,,,,,,,,,,,,,,,,,,,,,,,,,,,,,,,,,,,,,,,,,,,,,,,,,,,,,,,,,,,,,,,,,,,,,,,,,,,,,,,,,,,,,,,,,,,,,,,,,,,,,,,,,,,,,,,,,,,,,,,,,,,,,,,,,,,,,,,,,,,,,,,,,,,,,,,,,,,,,,,,,,,
insertFTB_gesture8,,,,,,,,,,,,,,,,,,,,,,,,,,,,,,,,,,,,,,,,,,,,,,,,,,,,,,,,,,,,,,,,,,,,,,,,,,,,,,,,,,,,,,,,,,,,,,,,,,,,,,,,,,,,,,,,,,,,,,,,,,,,,,,,,,,,,,,,,,,,,,,,,,,,,,,,,,,,,,,,,,,,,,,,,,,,,,,,,,,,,,,,,,,,,,,,,,,,,,,,,,,,,,,,,,,,,,,,,,,,,,,,,,,,,,,,,,,,,,,,,,,,,,,,,,,,,,,,,,,,,,,,,,,,,,,,,,,,,,,,,,,,,,,,,,,,,,,,,,,,,,,,,,,,,,,,,,,,,,,,,,,,,,,,,,,,,,,,,,,,,,,,,,,,,,,,,,,,,,,,,,,,,,,,,,,,,,,,,,,,,,,,,,,,,,,,,,,,,,,,,,,,,,,,,,,,,,,,,,,,,
insertFTB_gesture9,,,,,,,,,,,,,,,,,,,,,,,,,,,,,,,,,,,,,,,,,,,,,,,,,,,,,,,,,,,,,,,,,,,,,,,,,,,,,,,,,,,,,,,,,,,,,,,,,,,,,,,,,,,,,,,,,,,,,,,,,,,,,,,,,,,,,,,,,,,,,,,,,,,,,,,,,,,,,,,,,,,,,,,,,,,,,,,,,,,,,,,,,,,,,,,,,,,,,,,,,,,,,,,,,,,,,,,,,,,,,,,,,,,,,,,,,,,,,,,,,,,,,,,,,,,,,,,,,,,,,,,,,,,,,,,,,,,,,,,,,,,,,,,,,,,,,,,,,,,,,,,,,,,,,,,,,,,,,,,,,,,,,,,,,,,,,,,,,,,,,,,,,,,,,,,,,,,,,,,,,,,,,,,,,,,,,,,,,,,,,,,,,,,,,,,,,,,,,,,,,,,,,,,,,,,,,,,,,,,,,
insertFTB_gesture10,,,,,,,,,,,,,,,,,,,,,,,,,,,,,,,,,,,,,,,,,,,,,,,,,,,,,,,,,,,,,,,,,,,,,,,,,,,,,,,,,,,,,,,,,,,,,,,,,,,,,,,,,,,,,,,,,,,,,,,,,,,,,,,,,,,,,,,,,,,,,,,,,,,,,,,,,,,,,,,,,,,,,,,,,,,,,,,,,,,,,,,,,,,,,,,,,,,,,,,,,,,,,,,,,,,,,,,,,,,,,,,,,,,,,,,,,,,,,,,,,,,,,,,,,,,,,,,,,,,,,,,,,,,,,,,,,,,,,,,,,,,,,,,,,,,,,,,,,,,,,,,,,,,,,,,,,,,,,,,,,,,,,,,,,,,,,,,,,,,,,,,,,,,,,,,,,,,,,,,,,,,,,,,,,,,,,,,,,,,,,,,,,,,,,,,,,,,,,,,,,,,,,,,,,,,,,,,,,,,,,
insertFTB_intermission2,,,,,,,,,,,,,,,,,,,,,,,,,,,,,,,,,,,,,,,,,,,,,,,,,,,,,,,,,,,,,,,,,,,,,,,,,,,,,,,,,,,,,,,,,,,,,,,,,,,,,,,,,,,,,,,,,,,,,,,,,,,,,,,,,,,,,,,,,,,,,,,,,,,,,,,,,,,,,,,,,,,,,,,,,,,,,,,,,,,,,,,,,,,,,,,,,,,,,,,,,,,,,,,,,,,,,,,,,,,,,,,,,,,,,,,,,,,,,,,,,,,,,,,,,,,,,,,,,,,,,,,,,,,,,,,,,,,,,,,,,,,,,,,,,,,,,,,,,,,,,,,,,,,,,,,,,,,,,,,,,,,,,,,,,,,,,,,,,,,,,,,,,,,,,,,,,,,,,,,,,,,,,,,,,,,,,,,,,,,,,,,,,,,,,,,,,,,,,,,,,,,,,,,,,,,,,,,,,,,,,
twistpen_intermission1,,,,,,,,,,,,,,,,,,,,,,,,,,,,,,,,,,,,,,,,,,,,,,,,,,,,,,,,,,,,,,,,,,,,,,,,,,,,,,,,,,,,,,,,,,,,,,,,,,,,,,,,,,,,,,,,,,,,,,,,,,,,,,,,,,,,,,,,,,,,,,,,,,,,,,,,,,,,,,,,,,,,,,,,,,,,,,,,,,,,,,,,,,,,,,,,,,,,,,,,,,,,,,,,,,,,,,,,,,,,,,,,,,,,,,,,,,,,,,,,,,,,,,,,,,,,,,,,,,,,,,,,,,,,,,,,,,,,,,,,,,,,,,,,,,,,,,,,,,,,,,,,,,,,,,,,,,,,,,,,,,,,,,,,,,,,,,,,,,,,,,,,,,,,,,,,,,,,,,,,,,,,,,,,,,,,,,,,,,,,,,,,,,,,,,,,,,,,,,,,,,,,,,,,,,,,,,,,,,,,,
twistpen_gesture1,,,,,,,,,,,,,,,,,,,,,,,,,,,,,,,,,,,,,,,,,,,,,,,,,,,,,,,,,,,,,,,,,,,,,,,,,,,,,,,,,,,,,,,,,,,,,,,,,,,,,,,,,,,,,,,,,,,,,,,,,,,,,,,,,,,,,,,,,,,,,,,,,,,,,,,,,,,,,,,,,,,,,,,,,,,,,,,,,,,,,,,,,,,,,,,,,,,,,,,,,,,,,,,,,,,,,,,,,,,,,,,,,,,,,,,,,,,,,,,,,,,,,,,,,,,,,,,,,,,,,,,,,,,,,,,,,,,,,,,,,,,,,,,,,,,,,,,,,,,,,,,,,,,,,,,,,,,,,,,,,,,,,,,,,,,,,,,,,,,,,,,,,,,,,,,,,,,,,,,,,,,,,,,,,,,,,,,,,,,,,,,,,,,,,,,,,,,,,,,,,,,,,,,,,,,,,,,,,,,,,
twistpen_gesture2,,,,,,,,,,,,,,,,,,,,,,,,,,,,,,,,,,,,,,,,,,,,,,,,,,,,,,,,,,,,,,,,,,,,,,,,,,,,,,,,,,,,,,,,,,,,,,,,,,,,,,,,,,,,,,,,,,,,,,,,,,,,,,,,,,,,,,,,,,,,,,,,,,,,,,,,,,,,,,,,,,,,,,,,,,,,,,,,,,,,,,,,,,,,,,,,,,,,,,,,,,,,,,,,,,,,,,,,,,,,,,,,,,,,,,,,,,,,,,,,,,,,,,,,,,,,,,,,,,,,,,,,,,,,,,,,,,,,,,,,,,,,,,,,,,,,,,,,,,,,,,,,,,,,,,,,,,,,,,,,,,,,,,,,,,,,,,,,,,,,,,,,,,,,,,,,,,,,,,,,,,,,,,,,,,,,,,,,,,,,,,,,,,,,,,,,,,,,,,,,,,,,,,,,,,,,,,,,,,,,,
twistpen_gesture3,,,,,,,,,,,,,,,,,,,,,,,,,,,,,,,,,,,,,,,,,,,,,,,,,,,,,,,,,,,,,,,,,,,,,,,,,,,,,,,,,,,,,,,,,,,,,,,,,,,,,,,,,,,,,,,,,,,,,,,,,,,,,,,,,,,,,,,,,,,,,,,,,,,,,,,,,,,,,,,,,,,,,,,,,,,,,,,,,,,,,,,,,,,,,,,,,,,,,,,,,,,,,,,,,,,,,,,,,,,,,,,,,,,,,,,,,,,,,,,,,,,,,,,,,,,,,,,,,,,,,,,,,,,,,,,,,,,,,,,,,,,,,,,,,,,,,,,,,,,,,,,,,,,,,,,,,,,,,,,,,,,,,,,,,,,,,,,,,,,,,,,,,,,,,,,,,,,,,,,,,,,,,,,,,,,,,,,,,,,,,,,,,,,,,,,,,,,,,,,,,,,,,,,,,,,,,,,,,,,,,
twistpen_gesture4,,,,,,,,,,,,,,,,,,,,,,,,,,,,,,,,,,,,,,,,,,,,,,,,,,,,,,,,,,,,,,,,,,,,,,,,,,,,,,,,,,,,,,,,,,,,,,,,,,,,,,,,,,,,,,,,,,,,,,,,,,,,,,,,,,,,,,,,,,,,,,,,,,,,,,,,,,,,,,,,,,,,,,,,,,,,,,,,,,,,,,,,,,,,,,,,,,,,,,,,,,,,,,,,,,,,,,,,,,,,,,,,,,,,,,,,,,,,,,,,,,,,,,,,,,,,,,,,,,,,,,,,,,,,,,,,,,,,,,,,,,,,,,,,,,,,,,,,,,,,,,,,,,,,,,,,,,,,,,,,,,,,,,,,,,,,,,,,,,,,,,,,,,,,,,,,,,,,,,,,,,,,,,,,,,,,,,,,,,,,,,,,,,,,,,,,,,,,,,,,,,,,,,,,,,,,,,,,,,,,,
twistpen_gesture5,,,,,,,,,,,,,,,,,,,,,,,,,,,,,,,,,,,,,,,,,,,,,,,,,,,,,,,,,,,,,,,,,,,,,,,,,,,,,,,,,,,,,,,,,,,,,,,,,,,,,,,,,,,,,,,,,,,,,,,,,,,,,,,,,,,,,,,,,,,,,,,,,,,,,,,,,,,,,,,,,,,,,,,,,,,,,,,,,,,,,,,,,,,,,,,,,,,,,,,,,,,,,,,,,,,,,,,,,,,,,,,,,,,,,,,,,,,,,,,,,,,,,,,,,,,,,,,,,,,,,,,,,,,,,,,,,,,,,,,,,,,,,,,,,,,,,,,,,,,,,,,,,,,,,,,,,,,,,,,,,,,,,,,,,,,,,,,,,,,,,,,,,,,,,,,,,,,,,,,,,,,,,,,,,,,,,,,,,,,,,,,,,,,,,,,,,,,,,,,,,,,,,,,,,,,,,,,,,,,,,
twistpen_gesture6,,,,,,,,,,,,,,,,,,,,,,,,,,,,,,,,,,,,,,,,,,,,,,,,,,,,,,,,,,,,,,,,,,,,,,,,,,,,,,,,,,,,,,,,,,,,,,,,,,,,,,,,,,,,,,,,,,,,,,,,,,,,,,,,,,,,,,,,,,,,,,,,,,,,,,,,,,,,,,,,,,,,,,,,,,,,,,,,,,,,,,,,,,,,,,,,,,,,,,,,,,,,,,,,,,,,,,,,,,,,,,,,,,,,,,,,,,,,,,,,,,,,,,,,,,,,,,,,,,,,,,,,,,,,,,,,,,,,,,,,,,,,,,,,,,,,,,,,,,,,,,,,,,,,,,,,,,,,,,,,,,,,,,,,,,,,,,,,,,,,,,,,,,,,,,,,,,,,,,,,,,,,,,,,,,,,,,,,,,,,,,,,,,,,,,,,,,,,,,,,,,,,,,,,,,,,,,,,,,,,,
twistpen_gesture7,,,,,,,,,,,,,,,,,,,,,,,,,,,,,,,,,,,,,,,,,,,,,,,,,,,,,,,,,,,,,,,,,,,,,,,,,,,,,,,,,,,,,,,,,,,,,,,,,,,,,,,,,,,,,,,,,,,,,,,,,,,,,,,,,,,,,,,,,,,,,,,,,,,,,,,,,,,,,,,,,,,,,,,,,,,,,,,,,,,,,,,,,,,,,,,,,,,,,,,,,,,,,,,,,,,,,,,,,,,,,,,,,,,,,,,,,,,,,,,,,,,,,,,,,,,,,,,,,,,,,,,,,,,,,,,,,,,,,,,,,,,,,,,,,,,,,,,,,,,,,,,,,,,,,,,,,,,,,,,,,,,,,,,,,,,,,,,,,,,,,,,,,,,,,,,,,,,,,,,,,,,,,,,,,,,,,,,,,,,,,,,,,,,,,,,,,,,,,,,,,,,,,,,,,,,,,,,,,,,,,
twistpen_gesture8,,,,,,,,,,,,,,,,,,,,,,,,,,,,,,,,,,,,,,,,,,,,,,,,,,,,,,,,,,,,,,,,,,,,,,,,,,,,,,,,,,,,,,,,,,,,,,,,,,,,,,,,,,,,,,,,,,,,,,,,,,,,,,,,,,,,,,,,,,,,,,,,,,,,,,,,,,,,,,,,,,,,,,,,,,,,,,,,,,,,,,,,,,,,,,,,,,,,,,,,,,,,,,,,,,,,,,,,,,,,,,,,,,,,,,,,,,,,,,,,,,,,,,,,,,,,,,,,,,,,,,,,,,,,,,,,,,,,,,,,,,,,,,,,,,,,,,,,,,,,,,,,,,,,,,,,,,,,,,,,,,,,,,,,,,,,,,,,,,,,,,,,,,,,,,,,,,,,,,,,,,,,,,,,,,,,,,,,,,,,,,,,,,,,,,,,,,,,,,,,,,,,,,,,,,,,,,,,,,,,,
twistpen_gesture9,,,,,,,,,,,,,,,,,,,,,,,,,,,,,,,,,,,,,,,,,,,,,,,,,,,,,,,,,,,,,,,,,,,,,,,,,,,,,,,,,,,,,,,,,,,,,,,,,,,,,,,,,,,,,,,,,,,,,,,,,,,,,,,,,,,,,,,,,,,,,,,,,,,,,,,,,,,,,,,,,,,,,,,,,,,,,,,,,,,,,,,,,,,,,,,,,,,,,,,,,,,,,,,,,,,,,,,,,,,,,,,,,,,,,,,,,,,,,,,,,,,,,,,,,,,,,,,,,,,,,,,,,,,,,,,,,,,,,,,,,,,,,,,,,,,,,,,,,,,,,,,,,,,,,,,,,,,,,,,,,,,,,,,,,,,,,,,,,,,,,,,,,,,,,,,,,,,,,,,,,,,,,,,,,,,,,,,,,,,,,,,,,,,,,,,,,,,,,,,,,,,,,,,,,,,,,,,,,,,,,
twistpen_gesture10,,,,,,,,,,,,,,,,,,,,,,,,,,,,,,,,,,,,,,,,,,,,,,,,,,,,,,,,,,,,,,,,,,,,,,,,,,,,,,,,,,,,,,,,,,,,,,,,,,,,,,,,,,,,,,,,,,,,,,,,,,,,,,,,,,,,,,,,,,,,,,,,,,,,,,,,,,,,,,,,,,,,,,,,,,,,,,,,,,,,,,,,,,,,,,,,,,,,,,,,,,,,,,,,,,,,,,,,,,,,,,,,,,,,,,,,,,,,,,,,,,,,,,,,,,,,,,,,,,,,,,,,,,,,,,,,,,,,,,,,,,,,,,,,,,,,,,,,,,,,,,,,,,,,,,,,,,,,,,,,,,,,,,,,,,,,,,,,,,,,,,,,,,,,,,,,,,,,,,,,,,,,,,,,,,,,,,,,,,,,,,,,,,,,,,,,,,,,,,,,,,,,,,,,,,,,,,,,,,,,,
twistpen_intermission2,,,,,,,,,,,,,,,,,,,,,,,,,,,,,,,,,,,,,,,,,,,,,,,,,,,,,,,,,,,,,,,,,,,,,,,,,,,,,,,,,,,,,,,,,,,,,,,,,,,,,,,,,,,,,,,,,,,,,,,,,,,,,,,,,,,,,,,,,,,,,,,,,,,,,,,,,,,,,,,,,,,,,,,,,,,,,,,,,,,,,,,,,,,,,,,,,,,,,,,,,,,,,,,,,,,,,,,,,,,,,,,,,,,,,,,,,,,,,,,,,,,,,,,,,,,,,,,,,,,,,,,,,,,,,,,,,,,,,,,,,,,,,,,,,,,,,,,,,,,,,,,,,,,,,,,,,,,,,,,,,,,,,,,,,,,,,,,,,,,,,,,,,,,,,,,,,,,,,,,,,,,,,,,,,,,,,,,,,,,,,,,,,,,,,,,,,,,,,,,,,,,,,,,,,,,,,,,,,,,,,
