,Frame ID,Hand 1 Landmarks,Hand 2 Landmarks
0,54,"[x: 0.10608738660812378
y: 0.9100989103317261
z: 1.341100670515516e-07
, x: 0.08685014396905899
y: 0.8773422241210938
z: -0.009260420687496662
, x: 0.08193405717611313
y: 0.8297709822654724
z: -0.01298139151185751
, x: 0.08386064320802689
y: 0.7945939302444458
z: -0.0156882181763649
, x: 0.08904854208230972
y: 0.7716699838638306
z: -0.0176833625882864
, x: 0.12577463686466217
y: 0.8030202388763428
z: -0.00883884634822607
, x: 0.12677964568138123
y: 0.7485570311546326
z: -0.019124111160635948
, x: 0.12741531431674957
y: 0.7100368738174438
z: -0.02781480923295021
, x: 0.12778517603874207
y: 0.68131023645401
z: -0.03297626972198486
, x: 0.1330222338438034
y: 0.8027946949005127
z: -0.009044403210282326
, x: 0.1341182440519333
y: 0.7462798357009888
z: -0.0176300797611475
, x: 0.13165773451328278
y: 0.7082015872001648
z: -0.0252048522233963
, x: 0.12939976155757904
y: 0.6750496029853821
z: -0.029979638755321503
, x: 0.134757399559021
y: 0.8023684620857239
z: -0.010374625213444233
, x: 0.13474832475185394
y: 0.7513362169265747
z: -0.01745396852493286
, x: 0.13228096067905426
y: 0.714985728263855
z: -0.021289385855197906
, x: 0.13079720735549927
y: 0.6841822266578674
z: -0.022800544276833534
, x: 0.13115940988063812
y: 0.802367627620697
z: -0.012697247788310051
, x: 0.13057297468185425
y: 0.7586870789527893
z: -0.01717730425298214
, x: 0.12887053191661835
y: 0.7287037968635559
z: -0.01772330142557621
, x: 0.12702912092208862
y: 0.7038378715515137
z: -0.017309339717030525
]",
1,90,"[x: 0.10311542451381683
y: 0.8994884490966797
z: 2.5136898784694495e-07
, x: 0.08633187413215637
y: 0.8697928190231323
z: -0.013668039813637733
, x: 0.08068143576383591
y: 0.8265528678894043
z: -0.019967272877693176
, x: 0.0828481912612915
y: 0.7936410307884216
z: -0.024465197697281837
, x: 0.08798482269048691
y: 0.7696628570556641
z: -0.028459537774324417
, x: 0.12341413646936417
y: 0.7985966205596924
z: -0.017389683052897453
, x: 0.12651796638965607
y: 0.7397511601448059
z: -0.031676944345235825
, x: 0.12921179831027985
y: 0.6926010847091675
z: -0.04315142333507538
, x: 0.13087333738803864
y: 0.6556500792503357
z: -0.04996529594063759
, x: 0.1313697099685669
y: 0.798309326171875
z: -0.017040960490703583
, x: 0.13693776726722717
y: 0.7388266324996948
z: -0.030115528032183647
, x: 0.13791637122631073
y: 0.6911837458610535
z: -0.04085235297679901
, x: 0.13859684765338898
y: 0.6490095853805542
z: -0.047235820442438126
, x: 0.13434089720249176
y: 0.7977110147476196
z: -0.01771271415054798
, x: 0.13738428056240082
y: 0.7443380355834961
z: -0.02886968106031418
, x: 0.13674649596214294
y: 0.7002900838851929
z: -0.035776324570178986
, x: 0.13678783178329468
y: 0.6617367267608643
z: -0.03876651078462601
, x: 0.13181903958320618
y: 0.7986595630645752
z: -0.019639868289232254
, x: 0.1321551501750946
y: 0.754055380821228
z: -0.02821749821305275
, x: 0.1312073916196823
y: 0.7197335362434387
z: -0.03127247467637062
, x: 0.13070611655712128
y: 0.6893208026885986
z: -0.032050348818302155
]",
2,93,"[x: 0.10480903834104538
y: 0.9071205854415894
z: 2.1156644436359784e-07
, x: 0.08840273320674896
y: 0.8751696348190308
z: -0.009632846340537071
, x: 0.08338946104049683
y: 0.8298379182815552
z: -0.013609752990305424
, x: 0.0847390815615654
y: 0.7970917224884033
z: -0.016670767217874527
, x: 0.08812637627124786
y: 0.7746112942695618
z: -0.019203312695026398
, x: 0.12331078201532364
y: 0.8011646270751953
z: -0.009485175833106041
, x: 0.12648680806159973
y: 0.7440885901451111
z: -0.021436655893921852
, x: 0.128390833735466
y: 0.6993729472160339
z: -0.03184182196855545
, x: 0.12928737699985504
y: 0.664900004863739
z: -0.03829193860292435
, x: 0.13052645325660706
y: 0.8012641668319702
z: -0.010660515166819096
, x: 0.13496561348438263
y: 0.7429729700088501
z: -0.021320872008800507
, x: 0.13506163656711578
y: 0.6984499096870422
z: -0.031057683750987053
, x: 0.1348654180765152
y: 0.6587458848953247
z: -0.037168849259614944
, x: 0.1334599107503891
y: 0.8014214634895325
z: -0.012933805584907532
, x: 0.1368483453989029
y: 0.7494596838951111
z: -0.021846206858754158
, x: 0.13661013543605804
y: 0.7079110145568848
z: -0.02764812298119068
, x: 0.13667871057987213
y: 0.6709813475608826
z: -0.030408604070544243
, x: 0.13171632587909698
y: 0.8029047250747681
z: -0.016327112913131714
, x: 0.133488267660141
y: 0.7598233222961426
z: -0.022951340302824974
, x: 0.1332404464483261
y: 0.7280246019363403
z: -0.025140706449747086
, x: 0.13306289911270142
y: 0.6991821527481079
z: -0.025765350088477135
]",
3,95,"[x: 0.10304288566112518
y: 0.9003830552101135
z: 2.247748795980442e-07
, x: 0.08636593818664551
y: 0.8676998019218445
z: -0.006191680207848549
, x: 0.08117799460887909
y: 0.8224185705184937
z: -0.00811502244323492
, x: 0.08147409558296204
y: 0.7917200326919556
z: -0.009684235788881779
, x: 0.08495229482650757
y: 0.7692865133285522
z: -0.011024960316717625
, x: 0.12550407648086548
y: 0.7952844500541687
z: -0.007634446490556002
, x: 0.13028177618980408
y: 0.7354885339736938
z: -0.018769999966025352
, x: 0.1328650712966919
y: 0.6876652836799622
z: -0.028655923902988434
, x: 0.133308544754982
y: 0.6505882740020752
z: -0.03484238311648369
, x: 0.1317242681980133
y: 0.79478520154953
z: -0.01014493964612484
, x: 0.1370263695716858
y: 0.7339378595352173
z: -0.020022960379719734
, x: 0.13731558620929718
y: 0.6860319375991821
z: -0.029948187991976738
, x: 0.13669484853744507
y: 0.6436147689819336
z: -0.03636082634329796
, x: 0.13325612246990204
y: 0.7931615710258484
z: -0.013298404403030872
, x: 0.1375548541545868
y: 0.7384185791015625
z: -0.021394282579421997
, x: 0.1368531584739685
y: 0.6947351694107056
z: -0.027909962460398674
, x: 0.13639792799949646
y: 0.6566627621650696
z: -0.03146306797862053
, x: 0.1295148879289627
y: 0.7927891612052917
z: -0.017181945964694023
, x: 0.13140113651752472
y: 0.7490683794021606
z: -0.023282567039132118
, x: 0.13127322494983673
y: 0.7167973518371582
z: -0.025746090337634087
, x: 0.13083380460739136
y: 0.6881498694419861
z: -0.026768283918499947
]",
4,97,"[x: 0.6699358224868774
y: 0.7749217748641968
z: 1.2709247698694526e-07
, x: 0.6331915855407715
y: 0.778957188129425
z: -0.01706215925514698
, x: 0.5960667729377747
y: 0.7409684062004089
z: -0.025400258600711823
, x: 0.5834494233131409
y: 0.6929681897163391
z: -0.03221834450960159
, x: 0.5787014961242676
y: 0.6559063792228699
z: -0.03848234564065933
, x: 0.5743794441223145
y: 0.6870197057723999
z: -0.01755574718117714
, x: 0.5370751619338989
y: 0.6368540525436401
z: -0.0329907052218914
, x: 0.507318377494812
y: 0.6002368927001953
z: -0.04512890428304672
, x: 0.4834435284137726
y: 0.5726096630096436
z: -0.05415470898151398
, x: 0.5942450165748596
y: 0.6604369878768921
z: -0.017919931560754776
, x: 0.5707628726959229
y: 0.618633508682251
z: -0.03026953712105751
, x: 0.5555263757705688
y: 0.6022199988365173
z: -0.03811943531036377
, x: 0.5448613166809082
y: 0.5915124416351318
z: -0.043639689683914185
, x: 0.618355393409729
y: 0.6452884674072266
z: -0.020433377474546432
, x: 0.5989322662353516
y: 0.5974427461624146
z: -0.03242788463830948
, x: 0.5809710621833801
y: 0.5806304216384888
z: -0.034173306077718735
, x: 0.5677034854888916
y: 0.5715553164482117
z: -0.03553382307291031
, x: 0.6455586552619934
y: 0.6398598551750183
z: -0.02482168935239315
, x: 0.6319049596786499
y: 0.6002392172813416
z: -0.03440471366047859
, x: 0.6231219172477722
y: 0.5912959575653076
z: -0.03266462683677673
, x: 0.6174347400665283
y: 0.5910574793815613
z: -0.03061678446829319
]",
5,98,"[x: 0.6709300875663757
y: 0.78397536277771
z: 4.000777096280217e-07
, x: 0.6290507316589355
y: 0.7804369926452637
z: -0.017600130289793015
, x: 0.5956913828849792
y: 0.7381325364112854
z: -0.0268419086933136
, x: 0.5941513180732727
y: 0.6830787658691406
z: -0.03489849716424942
, x: 0.6011674404144287
y: 0.6424325704574585
z: -0.04325200989842415
, x: 0.571714460849762
y: 0.6802323460578918
z: -0.019582493230700493
, x: 0.5316658020019531
y: 0.62917160987854
z: -0.03517528623342514
, x: 0.5029953122138977
y: 0.5924985408782959
z: -0.04751233384013176
, x: 0.48056095838546753
y: 0.5635164380073547
z: -0.05623558908700943
, x: 0.5932983160018921
y: 0.6535994410514832
z: -0.02181357331573963
, x: 0.5680787563323975
y: 0.5871367454528809
z: -0.03477902710437775
, x: 0.5459654927253723
y: 0.5404502749443054
z: -0.04675830155611038
, x: 0.5285257697105408
y: 0.5034416913986206
z: -0.05532325431704521
, x: 0.6177996397018433
y: 0.6420838832855225
z: -0.026092294603586197
, x: 0.5959097146987915
y: 0.5885897874832153
z: -0.0406961590051651
, x: 0.5762238502502441
y: 0.5711830854415894
z: -0.05019710585474968
, x: 0.5636069774627686
y: 0.5639916658401489
z: -0.05562321096658707
, x: 0.6463345885276794
y: 0.6407971382141113
z: -0.03202211856842041
, x: 0.630832850933075
y: 0.5969396233558655
z: -0.04448024183511734
, x: 0.6221398115158081
y: 0.5908382534980774
z: -0.04713766649365425
, x: 0.6186027526855469
y: 0.5964998602867126
z: -0.047768112272024155
]",
6,99,"[x: 0.6444684863090515
y: 0.7658900618553162
z: 5.416661110757559e-07
, x: 0.5979150533676147
y: 0.7605310678482056
z: -0.017648575827479362
, x: 0.5628898739814758
y: 0.7337286472320557
z: -0.029349464923143387
, x: 0.5668504238128662
y: 0.6877246499061584
z: -0.04210103303194046
, x: 0.5850186944007874
y: 0.6492859125137329
z: -0.054377224296331406
, x: 0.535914957523346
y: 0.6516985297203064
z: -0.014465751126408577
, x: 0.4944344460964203
y: 0.6080006957054138
z: -0.02984652668237686
, x: 0.46789997816085815
y: 0.5790053606033325
z: -0.04233657568693161
, x: 0.4459902048110962
y: 0.5522865653038025
z: -0.052029214799404144
, x: 0.5611950755119324
y: 0.6225858926773071
z: -0.01902780681848526
, x: 0.5343628525733948
y: 0.554737389087677
z: -0.03395921364426613
, x: 0.5147738456726074
y: 0.5088453888893127
z: -0.048198968172073364
, x: 0.5000207424163818
y: 0.47022750973701477
z: -0.05832201987504959
, x: 0.5903663039207458
y: 0.6152054071426392
z: -0.026044273748993874
, x: 0.5742019414901733
y: 0.5558502674102783
z: -0.04767441377043724
, x: 0.577786922454834
y: 0.5747577548027039
z: -0.055904559791088104
, x: 0.5868988633155823
y: 0.6005969643592834
z: -0.05639679357409477
, x: 0.6221960783004761
y: 0.6207788586616516
z: -0.03447601944208145
, x: 0.6077303886413574
y: 0.5775204300880432
z: -0.05309660732746124
, x: 0.6033968925476074
y: 0.5880988240242004
z: -0.05633103847503662
, x: 0.6051967740058899
y: 0.6104468703269958
z: -0.05483468994498253
]",
7,100,"[x: 0.6320655345916748
y: 0.7727898359298706
z: 4.902453270005935e-07
, x: 0.5910554528236389
y: 0.7746913433074951
z: -0.021682890132069588
, x: 0.5560041666030884
y: 0.7450124621391296
z: -0.036163683980703354
, x: 0.5634307265281677
y: 0.6975110173225403
z: -0.05137692019343376
, x: 0.580930233001709
y: 0.6576730608940125
z: -0.0660870373249054
, x: 0.5224629044532776
y: 0.6570586562156677
z: -0.021306514739990234
, x: 0.48208558559417725
y: 0.6123707294464111
z: -0.04011638090014458
, x: 0.45573902130126953
y: 0.5816137790679932
z: -0.05343437194824219
, x: 0.43470099568367004
y: 0.5544725060462952
z: -0.06344962120056152
, x: 0.5477652549743652
y: 0.6274429559707642
z: -0.026002051308751106
, x: 0.520172119140625
y: 0.55359947681427
z: -0.04645344614982605
, x: 0.501518726348877
y: 0.5086920261383057
z: -0.06173810362815857
, x: 0.48699307441711426
y: 0.46991419792175293
z: -0.07162592560052872
, x: 0.5782930850982666
y: 0.6207287311553955
z: -0.033177126199007034
, x: 0.5658345818519592
y: 0.5591592788696289
z: -0.0602613165974617
, x: 0.5736479759216309
y: 0.5980595350265503
z: -0.06488266587257385
, x: 0.582444429397583
y: 0.6333824992179871
z: -0.06165192276239395
, x: 0.6114766001701355
y: 0.628592848777771
z: -0.04212605208158493
, x: 0.601026177406311
y: 0.5877307653427124
z: -0.0634867250919342
, x: 0.603344202041626
y: 0.6118902564048767
z: -0.06355586647987366
, x: 0.608005702495575
y: 0.6387144923210144
z: -0.05940336361527443
]",
8,101,"[x: 0.6317858695983887
y: 0.7748191952705383
z: 4.5147717742111126e-07
, x: 0.591444194316864
y: 0.7765401601791382
z: -0.023165248334407806
, x: 0.5546585321426392
y: 0.746408224105835
z: -0.03734126687049866
, x: 0.5634456872940063
y: 0.6982262134552002
z: -0.052032265812158585
, x: 0.5825573205947876
y: 0.6603541970252991
z: -0.06623689830303192
, x: 0.5209993720054626
y: 0.6559547185897827
z: -0.020312679931521416
, x: 0.4808178246021271
y: 0.6117666363716125
z: -0.037697020918130875
, x: 0.4551209509372711
y: 0.5821770429611206
z: -0.050840843468904495
, x: 0.43506723642349243
y: 0.5550527572631836
z: -0.06135047599673271
, x: 0.5466325879096985
y: 0.6260369420051575
z: -0.02410518191754818
, x: 0.5189709067344666
y: 0.5539277791976929
z: -0.04363435134291649
, x: 0.5012719035148621
y: 0.508777379989624
z: -0.05979190021753311
, x: 0.4878746271133423
y: 0.4690220355987549
z: -0.07093154639005661
, x: 0.577144205570221
y: 0.6187359690666199
z: -0.030648248270154
, x: 0.5664858818054199
y: 0.5563346147537231
z: -0.05824188515543938
, x: 0.5733800530433655
y: 0.5961605310440063
z: -0.06641558557748795
, x: 0.5809478163719177
y: 0.6343169808387756
z: -0.06598838418722153
, x: 0.6103760004043579
y: 0.6261903047561646
z: -0.03893911838531494
, x: 0.6007092595100403
y: 0.5871628522872925
z: -0.06232525408267975
, x: 0.6036335229873657
y: 0.6104813814163208
z: -0.0658426359295845
, x: 0.6083729267120361
y: 0.6366059184074402
z: -0.06440217047929764
]",
9,102,"[x: 0.6328205466270447
y: 0.7821789979934692
z: 4.421879964411346e-07
, x: 0.5914002656936646
y: 0.7819978594779968
z: -0.021585173904895782
, x: 0.5551938414573669
y: 0.7524895668029785
z: -0.03486698493361473
, x: 0.5626046061515808
y: 0.7054327130317688
z: -0.049135949462652206
, x: 0.5808191895484924
y: 0.6675214171409607
z: -0.06273844838142395
, x: 0.5206167101860046
y: 0.6598778963088989
z: -0.017358984798192978
, x: 0.47910821437835693
y: 0.6161133050918579
z: -0.033768463879823685
, x: 0.4534783661365509
y: 0.5868132710456848
z: -0.04609017074108124
, x: 0.43377840518951416
y: 0.5587302446365356
z: -0.05578116700053215
, x: 0.5463271141052246
y: 0.6311630010604858
z: -0.021445579826831818
, x: 0.5193064212799072
y: 0.5592142939567566
z: -0.03996526822447777
, x: 0.5011931657791138
y: 0.5132157206535339
z: -0.0554843507707119
, x: 0.48842328786849976
y: 0.47322750091552734
z: -0.06608622521162033
, x: 0.5766899585723877
y: 0.6244007349014282
z: -0.028286252170801163
, x: 0.5646858811378479
y: 0.5646766424179077
z: -0.05515246465802193
, x: 0.5708102583885193
y: 0.6035764813423157
z: -0.06322985887527466
, x: 0.5790479779243469
y: 0.6414715647697449
z: -0.0624961256980896
, x: 0.609282910823822
y: 0.631038248538971
z: -0.03684284910559654
, x: 0.5980346202850342
y: 0.589984118938446
z: -0.05959221348166466
, x: 0.5998884439468384
y: 0.6135664582252502
z: -0.06294140219688416
, x: 0.60502028465271
y: 0.6421440839767456
z: -0.061132434755563736
]",
10,103,"[x: 0.6321117281913757
y: 0.7805557250976562
z: 4.6486547944368795e-07
, x: 0.5907687544822693
y: 0.7807580232620239
z: -0.02159629575908184
, x: 0.553115963935852
y: 0.7523451447486877
z: -0.03528090566396713
, x: 0.5602797865867615
y: 0.705758810043335
z: -0.05009507015347481
, x: 0.5791717171669006
y: 0.6672003269195557
z: -0.06405283510684967
, x: 0.5192580223083496
y: 0.659905195236206
z: -0.018136970698833466
, x: 0.4777122139930725
y: 0.6158133149147034
z: -0.03550531715154648
, x: 0.4514402151107788
y: 0.5868070125579834
z: -0.04775583744049072
, x: 0.43060463666915894
y: 0.5595380663871765
z: -0.057076580822467804
, x: 0.5447338223457336
y: 0.6303219199180603
z: -0.02236517146229744
, x: 0.5177581906318665
y: 0.558101236820221
z: -0.042205918580293655
, x: 0.4997677505016327
y: 0.5129848122596741
z: -0.057092271745204926
, x: 0.4865123927593231
y: 0.4727015495300293
z: -0.06644595414400101
, x: 0.5751421451568604
y: 0.6231343746185303
z: -0.029342610388994217
, x: 0.5649372339248657
y: 0.5684093832969666
z: -0.05716490000486374
, x: 0.5726375579833984
y: 0.6124390959739685
z: -0.06284911930561066
, x: 0.5813221335411072
y: 0.651633083820343
z: -0.05943793058395386
, x: 0.6078646779060364
y: 0.6303947567939758
z: -0.03809993341565132
, x: 0.5983700752258301
y: 0.5921407341957092
z: -0.06013432517647743
, x: 0.600132167339325
y: 0.6140080094337463
z: -0.06147092580795288
, x: 0.6041937470436096
y: 0.6384048461914062
z: -0.05773539841175079
]",
11,104,"[x: 0.6316493153572083
y: 0.780670166015625
z: 4.5565664663627103e-07
, x: 0.5899919271469116
y: 0.7806764841079712
z: -0.021486064419150352
, x: 0.5520392060279846
y: 0.7517058253288269
z: -0.034935370087623596
, x: 0.5592280626296997
y: 0.7054043412208557
z: -0.04955080896615982
, x: 0.5791372060775757
y: 0.6668034791946411
z: -0.06358130276203156
, x: 0.5189353227615356
y: 0.6602808237075806
z: -0.017952822148799896
, x: 0.4780334532260895
y: 0.6157592535018921
z: -0.034824203699827194
, x: 0.4522242546081543
y: 0.5862115621566772
z: -0.04702124372124672
, x: 0.43186551332473755
y: 0.558621883392334
z: -0.056439291685819626
, x: 0.5445579290390015
y: 0.630838930606842
z: -0.02230111137032509
, x: 0.5176863670349121
y: 0.5582257509231567
z: -0.04156998172402382
, x: 0.4996287226676941
y: 0.5128986239433289
z: -0.05699484422802925
, x: 0.48654985427856445
y: 0.4732063114643097
z: -0.06706688553094864
, x: 0.5747129321098328
y: 0.6238591074943542
z: -0.02935834787786007
, x: 0.5630831718444824
y: 0.5662956237792969
z: -0.056939780712127686
, x: 0.5704103708267212
y: 0.6077273488044739
z: -0.06428220123052597
, x: 0.5794681310653687
y: 0.6462079286575317
z: -0.062402475625276566
, x: 0.60708087682724
y: 0.6310003399848938
z: -0.038062889128923416
, x: 0.5960562229156494
y: 0.5911552309989929
z: -0.06032005324959755
, x: 0.5979611873626709
y: 0.6137174367904663
z: -0.06259636580944061
, x: 0.6031957268714905
y: 0.6401641368865967
z: -0.05980231240391731
]",
12,105,"[x: 0.629480242729187
y: 0.7789261341094971
z: 4.70234652993895e-07
, x: 0.5877107977867126
y: 0.7804089784622192
z: -0.022917218506336212
, x: 0.5501129627227783
y: 0.7527291774749756
z: -0.03698118031024933
, x: 0.5576198697090149
y: 0.7073636054992676
z: -0.05183487385511398
, x: 0.5765331387519836
y: 0.6692315340042114
z: -0.06604738533496857
, x: 0.5170993804931641
y: 0.6586025953292847
z: -0.01922045834362507
, x: 0.4769008159637451
y: 0.615772008895874
z: -0.03643209487199783
, x: 0.4510541558265686
y: 0.5864607691764832
z: -0.04878266155719757
, x: 0.43086516857147217
y: 0.5588910579681396
z: -0.058222491294145584
, x: 0.5428491234779358
y: 0.6287552714347839
z: -0.02306714840233326
, x: 0.5161544680595398
y: 0.5572128891944885
z: -0.04255121573805809
, x: 0.4977240562438965
y: 0.5120738744735718
z: -0.05774422734975815
, x: 0.484407901763916
y: 0.47250670194625854
z: -0.06753265112638474
, x: 0.5734419822692871
y: 0.621505618095398
z: -0.0297553688287735
, x: 0.5627648234367371
y: 0.5652837753295898
z: -0.05810443311929703
, x: 0.5698812007904053
y: 0.6091742515563965
z: -0.0652502030134201
, x: 0.5784582495689392
y: 0.6486347913742065
z: -0.06308005750179291
, x: 0.6062838435173035
y: 0.6288658380508423
z: -0.038159068673849106
, x: 0.5958923697471619
y: 0.592453122138977
z: -0.06131592020392418
, x: 0.5986111164093018
y: 0.6197108030319214
z: -0.06332740932703018
, x: 0.6041254997253418
y: 0.6483616232872009
z: -0.060151681303977966
]",
13,106,"[x: 0.6293332576751709
y: 0.7827979922294617
z: 4.455962994143192e-07
, x: 0.5871857404708862
y: 0.7852951288223267
z: -0.022771891206502914
, x: 0.54905104637146
y: 0.7552758455276489
z: -0.03626123443245888
, x: 0.5578342080116272
y: 0.7084744572639465
z: -0.050295669585466385
, x: 0.5770381093025208
y: 0.6706289052963257
z: -0.06394640356302261
, x: 0.5157293677330017
y: 0.6611444354057312
z: -0.019605839625000954
, x: 0.474445641040802
y: 0.6173384189605713
z: -0.03626953810453415
, x: 0.4482792317867279
y: 0.5877277255058289
z: -0.04873363673686981
, x: 0.42846691608428955
y: 0.5603188872337341
z: -0.058599803596735
, x: 0.5422022342681885
y: 0.6320532560348511
z: -0.023417213931679726
, x: 0.5152242183685303
y: 0.5600035786628723
z: -0.04221034049987793
, x: 0.4967433214187622
y: 0.5148345828056335
z: -0.05838910490274429
, x: 0.48385855555534363
y: 0.4758468270301819
z: -0.06957755237817764
, x: 0.5732638835906982
y: 0.6255024671554565
z: -0.029990117996931076
, x: 0.5626835227012634
y: 0.5646337866783142
z: -0.05742473900318146
, x: 0.5668504238128662
y: 0.6027904748916626
z: -0.0675618052482605
, x: 0.5734094977378845
y: 0.6399660110473633
z: -0.06860511749982834
, x: 0.6065307259559631
y: 0.6335260272026062
z: -0.038144826889038086
, x: 0.596433699131012
y: 0.5968278050422668
z: -0.061436157673597336
, x: 0.5974739789962769
y: 0.6215354800224304
z: -0.06603202223777771
, x: 0.6016440391540527
y: 0.648980438709259
z: -0.06549107283353806
]",
14,107,"[x: 0.6293397545814514
y: 0.7803951501846313
z: 4.633765797734668e-07
, x: 0.5858637094497681
y: 0.7838158011436462
z: -0.024236612021923065
, x: 0.5483312010765076
y: 0.7545130848884583
z: -0.0385732427239418
, x: 0.5570031404495239
y: 0.7093070149421692
z: -0.053357142955064774
, x: 0.5766117572784424
y: 0.6708274483680725
z: -0.06769461929798126
, x: 0.5152878165245056
y: 0.6609727740287781
z: -0.019976792857050896
, x: 0.47481095790863037
y: 0.6169866919517517
z: -0.037322185933589935
, x: 0.44879865646362305
y: 0.5873727798461914
z: -0.05009426549077034
, x: 0.4288845658302307
y: 0.5598726272583008
z: -0.059986550360918045
, x: 0.5417369604110718
y: 0.6312519907951355
z: -0.02348879538476467
, x: 0.5144795179367065
y: 0.5595146417617798
z: -0.04302031546831131
, x: 0.4958067238330841
y: 0.5143275856971741
z: -0.05972560495138168
, x: 0.4825117886066437
y: 0.4752773940563202
z: -0.07100977003574371
, x: 0.5727999806404114
y: 0.6245501041412354
z: -0.030029172077775
, x: 0.5616052746772766
y: 0.5649906396865845
z: -0.05907805263996124
, x: 0.5669043064117432
y: 0.602143406867981
z: -0.0707409605383873
, x: 0.5747812390327454
y: 0.6385117173194885
z: -0.07225318253040314
, x: 0.6054792404174805
y: 0.6324802041053772
z: -0.038151293992996216
, x: 0.5954662561416626
y: 0.5987650156021118
z: -0.06278316676616669
, x: 0.5969202518463135
y: 0.6221164464950562
z: -0.06853469461202621
, x: 0.6016520261764526
y: 0.6475765705108643
z: -0.0685010477900505
]",
15,108,"[x: 0.6265086531639099
y: 0.782318115234375
z: 4.5944963744659617e-07
, x: 0.5851360559463501
y: 0.78520268201828
z: -0.023385312408208847
, x: 0.5477509498596191
y: 0.7589250802993774
z: -0.0380527526140213
, x: 0.5543217062950134
y: 0.7139782905578613
z: -0.05324944481253624
, x: 0.5723615884780884
y: 0.6745229959487915
z: -0.06790609657764435
, x: 0.5139504671096802
y: 0.6624691486358643
z: -0.021122178062796593
, x: 0.47416049242019653
y: 0.6185439229011536
z: -0.038648657500743866
, x: 0.4483828842639923
y: 0.5887781381607056
z: -0.05154484882950783
, x: 0.4285551607608795
y: 0.5606689453125
z: -0.06147878244519234
, x: 0.5403198003768921
y: 0.6329108476638794
z: -0.02488802932202816
, x: 0.5135349035263062
y: 0.5608698725700378
z: -0.043778665363788605
, x: 0.49484196305274963
y: 0.5152392983436584
z: -0.059472210705280304
, x: 0.48153358697891235
y: 0.4762040972709656
z: -0.07031921297311783
, x: 0.5713500380516052
y: 0.6262480616569519
z: -0.031472187489271164
, x: 0.5607689619064331
y: 0.5680467486381531
z: -0.058808013796806335
, x: 0.5660686492919922
y: 0.6062328219413757
z: -0.06798998266458511
, x: 0.5736297965049744
y: 0.643652617931366
z: -0.0682920590043068
, x: 0.6043862104415894
y: 0.6343773603439331
z: -0.039743680506944656
, x: 0.5943741798400879
y: 0.5978953838348389
z: -0.06243612617254257
, x: 0.5960274934768677
y: 0.6232545375823975
z: -0.06603068113327026
, x: 0.6005440354347229
y: 0.6517932415008545
z: -0.06474867463111877
]",
16,109,"[x: 0.6285668611526489
y: 0.7788084149360657
z: 4.658016337089066e-07
, x: 0.5854848623275757
y: 0.7832900285720825
z: -0.026366107165813446
, x: 0.5482312440872192
y: 0.7574735283851624
z: -0.042144451290369034
, x: 0.5562143921852112
y: 0.7117419838905334
z: -0.05798164755105972
, x: 0.5743003487586975
y: 0.6710885763168335
z: -0.07319186627864838
, x: 0.5145316123962402
y: 0.6628318428993225
z: -0.02205629087984562
, x: 0.47462108731269836
y: 0.618788480758667
z: -0.040680814534425735
, x: 0.4485054314136505
y: 0.588636040687561
z: -0.054792456328868866
, x: 0.4289339482784271
y: 0.5599155426025391
z: -0.06561512500047684
, x: 0.5407153367996216
y: 0.6322436332702637
z: -0.024765096604824066
, x: 0.5127029418945312
y: 0.5620829463005066
z: -0.045062776654958725
, x: 0.4938882291316986
y: 0.5169687271118164
z: -0.06236182153224945
, x: 0.4801221787929535
y: 0.4770696759223938
z: -0.07415837794542313
, x: 0.5715410709381104
y: 0.6246707439422607
z: -0.030748900026082993
, x: 0.5610224008560181
y: 0.5688036680221558
z: -0.06095176562666893
, x: 0.5674896240234375
y: 0.6086840033531189
z: -0.07268242537975311
, x: 0.5755012631416321
y: 0.646750271320343
z: -0.07402871549129486
, x: 0.6044142246246338
y: 0.6311681270599365
z: -0.038492195308208466
, x: 0.5946882367134094
y: 0.5957905650138855
z: -0.06416194885969162
, x: 0.5972437262535095
y: 0.6220381855964661
z: -0.0699293240904808
, x: 0.6021095514297485
y: 0.6506438851356506
z: -0.06977199018001556
]",
17,110,"[x: 0.6269074082374573
y: 0.7797891497612
z: 4.686211809712404e-07
, x: 0.5844082236289978
y: 0.7834323048591614
z: -0.02525990456342697
, x: 0.5474837422370911
y: 0.7570881247520447
z: -0.040844861418008804
, x: 0.5561040639877319
y: 0.7121801972389221
z: -0.056750375777482986
, x: 0.574639618396759
y: 0.672950267791748
z: -0.072248175740242
, x: 0.5143746733665466
y: 0.6626448631286621
z: -0.022291801869869232
, x: 0.4748353958129883
y: 0.6187877655029297
z: -0.040945954620838165
, x: 0.4488830864429474
y: 0.5891544222831726
z: -0.05503135174512863
, x: 0.4292535185813904
y: 0.5608347654342651
z: -0.06580048054456711
, x: 0.5405842661857605
y: 0.6325883865356445
z: -0.025559604167938232
, x: 0.5131746530532837
y: 0.5622683167457581
z: -0.045798711478710175
, x: 0.4940440356731415
y: 0.5178518295288086
z: -0.06300986558198929
, x: 0.47963398694992065
y: 0.4784126877784729
z: -0.07483074814081192
, x: 0.5713512897491455
y: 0.6251858472824097
z: -0.031913451850414276
, x: 0.5607729554176331
y: 0.5674357414245605
z: -0.061391957104206085
, x: 0.5665401220321655
y: 0.6074475049972534
z: -0.0726860910654068
, x: 0.573998749256134
y: 0.6461082696914673
z: -0.07397205382585526
, x: 0.6040765047073364
y: 0.6320108771324158
z: -0.03999084234237671
, x: 0.5943046808242798
y: 0.5948855876922607
z: -0.06463531404733658
, x: 0.5960513353347778
y: 0.620362401008606
z: -0.06994128227233887
, x: 0.6002176403999329
y: 0.6491581797599792
z: -0.0696648359298706
]",
18,111,"[x: 0.6295309066772461
y: 0.7799332737922668
z: 4.711747862984339e-07
, x: 0.586785078048706
y: 0.7844017148017883
z: -0.025820091366767883
, x: 0.5491769909858704
y: 0.7568735480308533
z: -0.04142158105969429
, x: 0.5566454529762268
y: 0.710716187953949
z: -0.05732828006148338
, x: 0.5758048892021179
y: 0.6705358624458313
z: -0.0725046768784523
, x: 0.5150728821754456
y: 0.6617807149887085
z: -0.021065369248390198
, x: 0.4759977161884308
y: 0.6167759895324707
z: -0.039773233234882355
, x: 0.4502754807472229
y: 0.5863797664642334
z: -0.05402866378426552
, x: 0.4304081201553345
y: 0.5577048659324646
z: -0.06489628553390503
, x: 0.5416890382766724
y: 0.6316094994544983
z: -0.02387506514787674
, x: 0.514244019985199
y: 0.5615670680999756
z: -0.04429987818002701
, x: 0.4952322244644165
y: 0.5168905258178711
z: -0.061302512884140015
, x: 0.48034656047821045
y: 0.4768417477607727
z: -0.07265740633010864
, x: 0.5728939175605774
y: 0.6241258978843689
z: -0.02996925078332424
, x: 0.5619167685508728
y: 0.5699793696403503
z: -0.05964215099811554
, x: 0.5686677098274231
y: 0.6108217239379883
z: -0.07003821432590485
, x: 0.5766382217407227
y: 0.6493468880653381
z: -0.07012439519166946
, x: 0.6056225299835205
y: 0.6307284832000732
z: -0.03791877254843712
, x: 0.5953012108802795
y: 0.5928615927696228
z: -0.062450069934129715
, x: 0.5971242785453796
y: 0.6165249943733215
z: -0.0672219917178154
, x: 0.6011221408843994
y: 0.644074559211731
z: -0.0661693885922432
]",
19,112,"[x: 0.6298173069953918
y: 0.7835087776184082
z: 4.6036498702051176e-07
, x: 0.5868911147117615
y: 0.7838977575302124
z: -0.021208297461271286
, x: 0.5501855611801147
y: 0.7556158900260925
z: -0.03527249023318291
, x: 0.5575230121612549
y: 0.7105239629745483
z: -0.05077353119850159
, x: 0.5753584504127502
y: 0.67135089635849
z: -0.06583476066589355
, x: 0.5174862146377563
y: 0.6582756638526917
z: -0.01727762073278427
, x: 0.4786294996738434
y: 0.6138125658035278
z: -0.0350223071873188
, x: 0.4534006118774414
y: 0.5835384130477905
z: -0.04857403784990311
, x: 0.43377211689949036
y: 0.5551145076751709
z: -0.058917444199323654
, x: 0.5434122681617737
y: 0.6296818256378174
z: -0.022548802196979523
, x: 0.5164250135421753
y: 0.5574371814727783
z: -0.041479770094156265
, x: 0.4970245957374573
y: 0.5123311877250671
z: -0.05747703090310097
, x: 0.48331719636917114
y: 0.4732055366039276
z: -0.06849904358386993
, x: 0.5746300220489502
y: 0.6242752075195312
z: -0.030698930844664574
, x: 0.562518835067749
y: 0.5638214349746704
z: -0.05731751769781113
, x: 0.5664357542991638
y: 0.6059825420379639
z: -0.0652049109339714
, x: 0.5732479095458984
y: 0.6462425589561462
z: -0.06457078456878662
, x: 0.6081439852714539
y: 0.6340556144714355
z: -0.040591590106487274
, x: 0.5962679386138916
y: 0.5937609076499939
z: -0.062209539115428925
, x: 0.5960189700126648
y: 0.6189199686050415
z: -0.06468898802995682
, x: 0.5992319583892822
y: 0.6485263109207153
z: -0.06256857514381409
]",
20,113,"[x: 0.631410539150238
y: 0.7836071252822876
z: 4.3728695686695573e-07
, x: 0.5880607962608337
y: 0.7846164107322693
z: -0.021968552842736244
, x: 0.5508311986923218
y: 0.7551435232162476
z: -0.03570260852575302
, x: 0.5576505064964294
y: 0.7082329988479614
z: -0.050532739609479904
, x: 0.5758270025253296
y: 0.6686123609542847
z: -0.06486299633979797
, x: 0.517958402633667
y: 0.6592960357666016
z: -0.01757976785302162
, x: 0.478762149810791
y: 0.6133403182029724
z: -0.03499702736735344
, x: 0.453787624835968
y: 0.5821183919906616
z: -0.048204001039266586
, x: 0.43421608209609985
y: 0.5530820488929749
z: -0.05841617286205292
, x: 0.5437391400337219
y: 0.6302346587181091
z: -0.022231029346585274
, x: 0.5161625146865845
y: 0.5573199987411499
z: -0.04118917137384415
, x: 0.49762097001075745
y: 0.5119369626045227
z: -0.0571829117834568
, x: 0.4849398732185364
y: 0.4729747474193573
z: -0.06817811727523804
, x: 0.5747103095054626
y: 0.6238356232643127
z: -0.02972344309091568
, x: 0.5627440214157104
y: 0.5621496438980103
z: -0.056653767824172974
, x: 0.5659195184707642
y: 0.6033398509025574
z: -0.06499915570020676
, x: 0.5722203850746155
y: 0.6430397033691406
z: -0.06474602222442627
, x: 0.6081773638725281
y: 0.632419228553772
z: -0.038956787437200546
, x: 0.5966610312461853
y: 0.5946957468986511
z: -0.061250559985637665
, x: 0.596893846988678
y: 0.6206002831459045
z: -0.06425189971923828
, x: 0.6008347868919373
y: 0.649622917175293
z: -0.06247023120522499
]",
21,114,"[x: 0.6305573582649231
y: 0.7957605719566345
z: 4.34244810776363e-07
, x: 0.5815311670303345
y: 0.7877770662307739
z: -0.020047327503561974
, x: 0.5441597104072571
y: 0.7590982913970947
z: -0.03452594205737114
, x: 0.5413984060287476
y: 0.7169026732444763
z: -0.05036161094903946
, x: 0.5536168217658997
y: 0.6797528266906738
z: -0.06576425582170486
, x: 0.522316038608551
y: 0.6643080115318298
z: -0.017982587218284607
, x: 0.4874209761619568
y: 0.6085341572761536
z: -0.03692995011806488
, x: 0.464339017868042
y: 0.5752484798431396
z: -0.052162956446409225
, x: 0.4465551972389221
y: 0.5446553826332092
z: -0.06361174583435059
, x: 0.5495626330375671
y: 0.6376314163208008
z: -0.023557133972644806
, x: 0.5258857011795044
y: 0.5602555274963379
z: -0.04171707481145859
, x: 0.5087792873382568
y: 0.5120121836662292
z: -0.05801624432206154
, x: 0.4970296323299408
y: 0.47301268577575684
z: -0.07054907083511353
, x: 0.5800082683563232
y: 0.6313165426254272
z: -0.03213142976164818
, x: 0.5704618096351624
y: 0.5602887868881226
z: -0.054651204496622086
, x: 0.5669770836830139
y: 0.5822604894638062
z: -0.06512775272130966
, x: 0.5682294368743896
y: 0.6149439811706543
z: -0.06904183328151703
, x: 0.6119623184204102
y: 0.6396061778068542
z: -0.0426429882645607
, x: 0.6040732264518738
y: 0.5924358367919922
z: -0.06035750359296799
, x: 0.5979755520820618
y: 0.6032774448394775
z: -0.06505744159221649
, x: 0.5952547192573547
y: 0.627747654914856
z: -0.06652563065290451
]",
22,115,"[x: 0.6315687894821167
y: 0.7951503992080688
z: 4.3223241164014325e-07
, x: 0.5822980999946594
y: 0.7881466746330261
z: -0.020004961639642715
, x: 0.5436699986457825
y: 0.7607424259185791
z: -0.034433260560035706
, x: 0.5389240384101868
y: 0.720953643321991
z: -0.05037799850106239
, x: 0.5502254366874695
y: 0.6827666759490967
z: -0.0658874586224556
, x: 0.523746907711029
y: 0.6639337539672852
z: -0.01736265793442726
, x: 0.488658607006073
y: 0.6096431016921997
z: -0.03684530779719353
, x: 0.46561986207962036
y: 0.5757632255554199
z: -0.05224557965993881
, x: 0.4480098783969879
y: 0.5447281002998352
z: -0.0634012222290039
, x: 0.5510454773902893
y: 0.6369839906692505
z: -0.02274240553379059
, x: 0.527360200881958
y: 0.5584205985069275
z: -0.041442226618528366
, x: 0.5095303654670715
y: 0.5111105442047119
z: -0.05728420242667198
, x: 0.49707305431365967
y: 0.47257891297340393
z: -0.06886975467205048
, x: 0.5815181136131287
y: 0.6303133964538574
z: -0.031125809997320175
, x: 0.5723401308059692
y: 0.55848628282547
z: -0.05463443323969841
, x: 0.568674623966217
y: 0.585034966468811
z: -0.06361012160778046
, x: 0.5700059533119202
y: 0.6201198697090149
z: -0.06549902260303497
, x: 0.6128729581832886
y: 0.6384962797164917
z: -0.041358090937137604
, x: 0.6028492450714111
y: 0.5889176726341248
z: -0.059113334864377975
, x: 0.59645015001297
y: 0.6025682687759399
z: -0.06203979253768921
, x: 0.5944713354110718
y: 0.6283044815063477
z: -0.061593636870384216
]",
23,116,"[x: 0.6010329723358154
y: 0.86369788646698
z: -2.630545452575461e-07
, x: 0.559665858745575
y: 0.8455370664596558
z: -0.01438006293028593
, x: 0.5212629437446594
y: 0.8043282628059387
z: -0.02434692718088627
, x: 0.5044581294059753
y: 0.7611411809921265
z: -0.03623601049184799
, x: 0.5003430247306824
y: 0.7253485918045044
z: -0.04685600847005844
, x: 0.5137485861778259
y: 0.7167173027992249
z: -0.006301478482782841
, x: 0.488651841878891
y: 0.6491699814796448
z: -0.026983264833688736
, x: 0.4776075780391693
y: 0.6359597444534302
z: -0.040850408375263214
, x: 0.47183048725128174
y: 0.6328935027122498
z: -0.04869672656059265
, x: 0.5433953404426575
y: 0.6953344345092773
z: -0.011930839158594608
, x: 0.5278977155685425
y: 0.6421293020248413
z: -0.04221566766500473
, x: 0.5284826755523682
y: 0.6897574663162231
z: -0.05290527269244194
, x: 0.5308658480644226
y: 0.7335733771324158
z: -0.0526268370449543
, x: 0.5779202580451965
y: 0.6851015686988831
z: -0.020799782127141953
, x: 0.569772481918335
y: 0.6316848397254944
z: -0.04747963696718216
, x: 0.5687418580055237
y: 0.6792457699775696
z: -0.045155033469200134
, x: 0.5703817009925842
y: 0.7200182676315308
z: -0.036539286375045776
, x: 0.6172651052474976
y: 0.6854303479194641
z: -0.03120865300297737
, x: 0.6136893630027771
y: 0.6438429355621338
z: -0.04674264043569565
, x: 0.6060009598731995
y: 0.6783387660980225
z: -0.042160764336586
, x: 0.6030902862548828
y: 0.7105950713157654
z: -0.034258194267749786
]",
24,133,"[x: 0.1031724065542221
y: 0.8971826434135437
z: 2.4428533151876763e-07
, x: 0.08851439505815506
y: 0.8729308843612671
z: -0.014524641446769238
, x: 0.08251737058162689
y: 0.8298740386962891
z: -0.019269753247499466
, x: 0.08353375643491745
y: 0.7967509031295776
z: -0.021508511155843735
, x: 0.0850796177983284
y: 0.7727133631706238
z: -0.022936465218663216
, x: 0.12284013628959656
y: 0.7991815209388733
z: -0.015523705631494522
, x: 0.12727640569210052
y: 0.7427220344543457
z: -0.02766967937350273
, x: 0.13041165471076965
y: 0.6978022456169128
z: -0.03850653022527695
, x: 0.13179312646389008
y: 0.6624749302864075
z: -0.04517680034041405
, x: 0.12866701185703278
y: 0.7982208132743835
z: -0.012826084159314632
, x: 0.13475391268730164
y: 0.7425263524055481
z: -0.023033523932099342
, x: 0.13608068227767944
y: 0.6984003186225891
z: -0.032718535512685776
, x: 0.13667698204517365
y: 0.6588202118873596
z: -0.03885072097182274
, x: 0.13089753687381744
y: 0.7967312335968018
z: -0.011253634467720985
, x: 0.13556547462940216
y: 0.7471787333488464
z: -0.019810913130640984
, x: 0.13626790046691895
y: 0.7067832946777344
z: -0.026073049753904343
, x: 0.13729053735733032
y: 0.6701644659042358
z: -0.02919803373515606
, x: 0.12898273766040802
y: 0.7965732216835022
z: -0.01102660782635212
, x: 0.13159100711345673
y: 0.7553355693817139
z: -0.017980465665459633
, x: 0.13198591768741608
y: 0.7239220142364502
z: -0.020929045975208282
, x: 0.13277579843997955
y: 0.6946823000907898
z: -0.021936865523457527
]",
25,138,"[x: 0.573188304901123
y: 0.7096191644668579
z: 4.916100238006038e-08
, x: 0.5203929543495178
y: 0.6974576711654663
z: -0.004193827975541353
, x: 0.48224374651908875
y: 0.6476070880889893
z: -0.0014219853328540921
, x: 0.46652913093566895
y: 0.5899630784988403
z: -0.0013490457786247134
, x: 0.4545319676399231
y: 0.5456334352493286
z: -0.0002876994258258492
, x: 0.48540595173835754
y: 0.6006023287773132
z: 0.02995900809764862
, x: 0.4645575284957886
y: 0.5572373270988464
z: 0.024345271289348602
, x: 0.44964587688446045
y: 0.536288857460022
z: 0.013800806365907192
, x: 0.4387229084968567
y: 0.5269991159439087
z: 0.006278184708207846
, x: 0.5026413798332214
y: 0.5839492082595825
z: 0.025493742898106575
, x: 0.48236432671546936
y: 0.5366519689559937
z: 0.020016135647892952
, x: 0.4642888903617859
y: 0.513495922088623
z: 0.007155019789934158
, x: 0.44888871908187866
y: 0.5048381090164185
z: -0.0018712604651227593
, x: 0.5218318104743958
y: 0.5753539800643921
z: 0.016854049637913704
, x: 0.5040053129196167
y: 0.5249139070510864
z: 0.009239353239536285
, x: 0.4842623472213745
y: 0.5000755786895752
z: -0.0011821403168141842
, x: 0.46763744950294495
y: 0.49027007818222046
z: -0.008068217895925045
, x: 0.5444077849388123
y: 0.5703897476196289
z: 0.007003012578934431
, x: 0.5238699913024902
y: 0.5311235189437866
z: -0.00020076055079698563
, x: 0.5035327076911926
y: 0.5116243958473206
z: -0.0056074075400829315
, x: 0.48452338576316833
y: 0.5014678835868835
z: -0.009274196811020374
]",
26,139,"[x: 0.5755457282066345
y: 0.7157968878746033
z: 4.257628916093381e-08
, x: 0.5253646373748779
y: 0.7094783782958984
z: -0.004917867947369814
, x: 0.4837184250354767
y: 0.6612110733985901
z: -0.0024806831497699022
, x: 0.46606600284576416
y: 0.6031100153923035
z: -0.002544510643929243
, x: 0.4580504298210144
y: 0.5567737221717834
z: -0.0016678189858794212
, x: 0.48941710591316223
y: 0.6133355498313904
z: 0.02567250095307827
, x: 0.46769312024116516
y: 0.5685858726501465
z: 0.020170312374830246
, x: 0.4510573148727417
y: 0.547082245349884
z: 0.01074843667447567
, x: 0.43831098079681396
y: 0.537294864654541
z: 0.0039857737720012665
, x: 0.5053422451019287
y: 0.5960988402366638
z: 0.0215257927775383
, x: 0.4850517213344574
y: 0.5473923683166504
z: 0.015705101191997528
, x: 0.46595728397369385
y: 0.5235818028450012
z: 0.003940858878195286
, x: 0.450542151927948
y: 0.515587568283081
z: -0.004045154899358749
, x: 0.5234063863754272
y: 0.5859670042991638
z: 0.013541295193135738
, x: 0.5039596557617188
y: 0.5350131988525391
z: 0.005967769306153059
, x: 0.4847595691680908
y: 0.5112164616584778
z: -0.0034334769006818533
, x: 0.46975380182266235
y: 0.5036826133728027
z: -0.009251633659005165
, x: 0.5440291166305542
y: 0.5786513686180115
z: 0.004317752551287413
, x: 0.5213128924369812
y: 0.5387532711029053
z: -0.002595358295366168
, x: 0.5001155138015747
y: 0.5172855854034424
z: -0.007636393886059523
, x: 0.4815000295639038
y: 0.5058333277702332
z: -0.010915323160588741
]",
27,140,"[x: 0.5744457840919495
y: 0.7149204611778259
z: 4.422310340146396e-08
, x: 0.5248234272003174
y: 0.7087628841400146
z: -0.0037978338077664375
, x: 0.48391833901405334
y: 0.6599018573760986
z: -0.0010334859834983945
, x: 0.46766945719718933
y: 0.603219211101532
z: -0.0009052249952219427
, x: 0.4577255845069885
y: 0.559862494468689
z: -0.00026289321249350905
, x: 0.4898926317691803
y: 0.6155605912208557
z: 0.02486758679151535
, x: 0.4700794517993927
y: 0.5739604830741882
z: 0.02026633359491825
, x: 0.4537576138973236
y: 0.5520278215408325
z: 0.01146343071013689
, x: 0.4399980902671814
y: 0.5393149852752686
z: 0.004345486871898174
, x: 0.5059165358543396
y: 0.5975151062011719
z: 0.01987372152507305
, x: 0.48533740639686584
y: 0.551069438457489
z: 0.013723387382924557
, x: 0.46702080965042114
y: 0.5273922681808472
z: 0.0018307743594050407
, x: 0.4515842795372009
y: 0.5180137753486633
z: -0.00637055141851306
, x: 0.5238480567932129
y: 0.5870702266693115
z: 0.01141616702079773
, x: 0.5037055611610413
y: 0.5357159972190857
z: 0.002928459085524082
, x: 0.48479947447776794
y: 0.5096040368080139
z: -0.006813932675868273
, x: 0.4690019488334656
y: 0.4988393783569336
z: -0.012939134612679482
, x: 0.5444560050964355
y: 0.5799758434295654
z: 0.0019299727864563465
, x: 0.5220543146133423
y: 0.5399273633956909
z: -0.006581003777682781
, x: 0.5006053447723389
y: 0.5185990333557129
z: -0.012300643138587475
, x: 0.4811495542526245
y: 0.5070303678512573
z: -0.016060445457696915
]",
28,141,"[x: 0.5755512118339539
y: 0.7229325771331787
z: 2.5929807634383906e-08
, x: 0.526824951171875
y: 0.7207187414169312
z: -0.0033411274198442698
, x: 0.4852341115474701
y: 0.6705262660980225
z: 0.00038288708310574293
, x: 0.46862369775772095
y: 0.6135316491127014
z: 0.001419503940269351
, x: 0.45988360047340393
y: 0.5685321092605591
z: 0.0030881401617079973
, x: 0.4919143617153168
y: 0.6206766963005066
z: 0.026973649859428406
, x: 0.4720304012298584
y: 0.5784474611282349
z: 0.02283010073006153
, x: 0.4544786214828491
y: 0.557331919670105
z: 0.013759439811110497
, x: 0.4398060441017151
y: 0.5488519072532654
z: 0.0064187138341367245
, x: 0.507175862789154
y: 0.6017904281616211
z: 0.021982548758387566
, x: 0.48612162470817566
y: 0.5537218451499939
z: 0.01587163656949997
, x: 0.46480482816696167
y: 0.5323318243026733
z: 0.0028860296588391066
, x: 0.44631102681159973
y: 0.5291376113891602
z: -0.0060889627784490585
, x: 0.5247029066085815
y: 0.5911065936088562
z: 0.013463745824992657
, x: 0.5041753649711609
y: 0.5375543832778931
z: 0.005059773568063974
, x: 0.482864648103714
y: 0.5124942064285278
z: -0.0067353337071835995
, x: 0.4651973843574524
y: 0.5062001943588257
z: -0.014399518258869648
, x: 0.544765055179596
y: 0.5838379263877869
z: 0.004043045453727245
, x: 0.5228642821311951
y: 0.5428856015205383
z: -0.004980395082384348
, x: 0.5012288093566895
y: 0.5210298895835876
z: -0.012742128223180771
, x: 0.48169976472854614
y: 0.5103112459182739
z: -0.01808272674679756
]",
29,142,"[x: 0.5761563777923584
y: 0.7245209813117981
z: 3.1645697617932456e-08
, x: 0.5266433954238892
y: 0.7214361429214478
z: -0.0027625930961221457
, x: 0.4855322241783142
y: 0.6683571338653564
z: 0.0015419957926496863
, x: 0.46971726417541504
y: 0.6090667247772217
z: 0.003087491262704134
, x: 0.4591595232486725
y: 0.5634642243385315
z: 0.005286329425871372
, x: 0.49196094274520874
y: 0.6197693347930908
z: 0.02855660207569599
, x: 0.4716644883155823
y: 0.5763810873031616
z: 0.02525530941784382
, x: 0.45358628034591675
y: 0.5554051995277405
z: 0.01645175740122795
, x: 0.4387102723121643
y: 0.5475644469261169
z: 0.009298259392380714
, x: 0.5075636506080627
y: 0.6015457510948181
z: 0.02350550889968872
, x: 0.48653265833854675
y: 0.5517005920410156
z: 0.018134411424398422
, x: 0.4644273519515991
y: 0.5308732390403748
z: 0.005145856644958258
, x: 0.44594770669937134
y: 0.5296266078948975
z: -0.003880126867443323
, x: 0.5250924825668335
y: 0.5917297601699829
z: 0.014946154318749905
, x: 0.5050351619720459
y: 0.5363685488700867
z: 0.007219113875180483
, x: 0.483666330575943
y: 0.5116696953773499
z: -0.004829638637602329
, x: 0.4665517807006836
y: 0.506950318813324
z: -0.012803244404494762
, x: 0.5449451804161072
y: 0.5852725505828857
z: 0.0055238064378499985
, x: 0.5238193869590759
y: 0.5431225895881653
z: -0.0031090581323951483
, x: 0.5015934109687805
y: 0.5217012763023376
z: -0.011034194380044937
, x: 0.48186784982681274
y: 0.5119889974594116
z: -0.016591234132647514
]",
30,143,"[x: 0.5759055614471436
y: 0.7251670360565186
z: 2.5823624127951916e-08
, x: 0.5257822871208191
y: 0.7210853695869446
z: -0.0023871753364801407
, x: 0.4843492805957794
y: 0.6704342365264893
z: 0.0025151120498776436
, x: 0.46802788972854614
y: 0.611558735370636
z: 0.004383036866784096
, x: 0.46017876267433167
y: 0.5667209029197693
z: 0.006758790463209152
, x: 0.4892355799674988
y: 0.625373899936676
z: 0.030925216153264046
, x: 0.4686692953109741
y: 0.5845209956169128
z: 0.028549056500196457
, x: 0.45256829261779785
y: 0.5631524324417114
z: 0.020354358479380608
, x: 0.4386973977088928
y: 0.5526084899902344
z: 0.013446546159684658
, x: 0.505125880241394
y: 0.6052626967430115
z: 0.025835083797574043
, x: 0.48384806513786316
y: 0.5566001534461975
z: 0.020996179431676865
, x: 0.46420031785964966
y: 0.5339891910552979
z: 0.008163966238498688
, x: 0.44734859466552734
y: 0.5291493535041809
z: -0.0007819334859959781
, x: 0.52311772108078
y: 0.5935329794883728
z: 0.017123954370617867
, x: 0.5046337842941284
y: 0.5392735004425049
z: 0.00916737224906683
, x: 0.485971599817276
y: 0.5129971504211426
z: -0.003091166028752923
, x: 0.47072750329971313
y: 0.5061300992965698
z: -0.010972266085445881
, x: 0.5436186194419861
y: 0.5853907465934753
z: 0.00761290080845356
, x: 0.5227125287055969
y: 0.5436944961547852
z: -0.0008602571324445307
, x: 0.5019034743309021
y: 0.5223084092140198
z: -0.008395944721996784
, x: 0.4830906391143799
y: 0.5127436518669128
z: -0.013634378090500832
]",
31,144,"[x: 0.5729832053184509
y: 0.7249801754951477
z: 5.415832049493474e-08
, x: 0.5208302140235901
y: 0.7196588516235352
z: -0.0020958599634468555
, x: 0.4804415702819824
y: 0.6710208654403687
z: 0.0022378230933099985
, x: 0.4630136489868164
y: 0.6133450269699097
z: 0.0033585811033844948
, x: 0.4514845013618469
y: 0.5692034363746643
z: 0.005013223737478256
, x: 0.4877221882343292
y: 0.624286413192749
z: 0.03194397687911987
, x: 0.46684375405311584
y: 0.5818597674369812
z: 0.028793584555387497
, x: 0.4492613971233368
y: 0.5606974363327026
z: 0.019599322229623795
, x: 0.434915691614151
y: 0.5520027279853821
z: 0.012341630645096302
, x: 0.5035251379013062
y: 0.6047973036766052
z: 0.026951296254992485
, x: 0.48275017738342285
y: 0.5559740662574768
z: 0.021729426458477974
, x: 0.4617752134799957
y: 0.5341894030570984
z: 0.008236279711127281
, x: 0.44431304931640625
y: 0.5314640402793884
z: -0.0009319994715042412
, x: 0.5213356614112854
y: 0.5936114192008972
z: 0.01832195557653904
, x: 0.5018741488456726
y: 0.5396342277526855
z: 0.010685904882848263
, x: 0.4814131557941437
y: 0.5162506699562073
z: -0.0011814205208793283
, x: 0.46523359417915344
y: 0.5136176347732544
z: -0.00860905647277832
, x: 0.5415821671485901
y: 0.5857616066932678
z: 0.008836816065013409
, x: 0.5214073061943054
y: 0.5436679124832153
z: 0.0007981621893122792
, x: 0.49990466237068176
y: 0.5233368873596191
z: -0.006427967455238104
, x: 0.4807327389717102
y: 0.5163280963897705
z: -0.011149807833135128
]",
32,145,"[x: 0.56892329454422
y: 0.7256090641021729
z: 6.282010645008995e-08
, x: 0.51943439245224
y: 0.7207573652267456
z: -0.004428582265973091
, x: 0.4780209958553314
y: 0.6740978360176086
z: -0.0023776295129209757
, x: 0.4585481286048889
y: 0.6180831789970398
z: -0.003169961739331484
, x: 0.4470277428627014
y: 0.5726786255836487
z: -0.0032486547715961933
, x: 0.482096403837204
y: 0.6252614855766296
z: 0.026265263557434082
, x: 0.4607839584350586
y: 0.5836769342422485
z: 0.020328473299741745
, x: 0.4432295262813568
y: 0.5615569353103638
z: 0.009683553129434586
, x: 0.43023547530174255
y: 0.5531136989593506
z: 0.0018817456439137459
, x: 0.49809741973876953
y: 0.6043218374252319
z: 0.02184469625353813
, x: 0.47651562094688416
y: 0.5553877949714661
z: 0.015048033557832241
, x: 0.45508089661598206
y: 0.5331434607505798
z: 0.001591511769220233
, x: 0.4385095536708832
y: 0.5327103137969971
z: -0.007520501967519522
, x: 0.5167808532714844
y: 0.5919548869132996
z: 0.013698718510568142
, x: 0.49693694710731506
y: 0.5374628305435181
z: 0.0049631670117378235
, x: 0.476093590259552
y: 0.5158298015594482
z: -0.007135321386158466
, x: 0.4605482220649719
y: 0.5182351469993591
z: -0.014592291787266731
, x: 0.538101315498352
y: 0.5836856961250305
z: 0.004551260732114315
, x: 0.5186737179756165
y: 0.5408700108528137
z: -0.004468879196792841
, x: 0.4970429837703705
y: 0.5213874578475952
z: -0.012352626770734787
, x: 0.4780743420124054
y: 0.5187543630599976
z: -0.01736764796078205
]",
33,146,"[x: 0.5691781640052795
y: 0.7256951332092285
z: 6.004496810874116e-08
, x: 0.518709659576416
y: 0.7192734479904175
z: -0.004446140956133604
, x: 0.4778463542461395
y: 0.672848105430603
z: -0.002061105566099286
, x: 0.4582686424255371
y: 0.6169951558113098
z: -0.0024238983169198036
, x: 0.4467698037624359
y: 0.5721667408943176
z: -0.0017515020444989204
, x: 0.47969815135002136
y: 0.6240664124488831
z: 0.028108013793826103
, x: 0.4581812620162964
y: 0.582729160785675
z: 0.022363876923918724
, x: 0.44218873977661133
y: 0.5606761574745178
z: 0.011706769466400146
, x: 0.4309197664260864
y: 0.5523658394813538
z: 0.003984859678894281
, x: 0.4958561658859253
y: 0.6038455963134766
z: 0.023935867473483086
, x: 0.47396355867385864
y: 0.5564960837364197
z: 0.01779399998486042
, x: 0.45460760593414307
y: 0.53358393907547
z: 0.0045310272835195065
, x: 0.44046470522880554
y: 0.5322964787483215
z: -0.0046248179860413074
, x: 0.5150102972984314
y: 0.5921580791473389
z: 0.015836641192436218
, x: 0.49573376774787903
y: 0.5398202538490295
z: 0.007616659160703421
, x: 0.47672542929649353
y: 0.5175458192825317
z: -0.003991333767771721
, x: 0.4634547233581543
y: 0.5187715888023376
z: -0.011281131766736507
, x: 0.5379357933998108
y: 0.5841881632804871
z: 0.006652332842350006
, x: 0.5186949372291565
y: 0.5429674386978149
z: -0.0017830466385930777
, x: 0.49788960814476013
y: 0.5232592821121216
z: -0.009235473349690437
, x: 0.4798162579536438
y: 0.5191947221755981
z: -0.014066668227314949
]",
34,147,"[x: 0.5650370717048645
y: 0.7261728048324585
z: 8.851972665979702e-08
, x: 0.5135664939880371
y: 0.7178640365600586
z: -0.004544936120510101
, x: 0.47210201621055603
y: 0.671610414981842
z: -0.0024339596275240183
, x: 0.4528598189353943
y: 0.613998532295227
z: -0.0031730143819004297
, x: 0.44044676423072815
y: 0.5682721138000488
z: -0.002951256465166807
, x: 0.47497326135635376
y: 0.6252082586288452
z: 0.028451168909668922
, x: 0.4533231556415558
y: 0.583416759967804
z: 0.022631406784057617
, x: 0.43735575675964355
y: 0.5600159168243408
z: 0.01177702285349369
, x: 0.4259651303291321
y: 0.5498194694519043
z: 0.0038944606203585863
, x: 0.49144992232322693
y: 0.6053029298782349
z: 0.024481674656271935
, x: 0.46981531381607056
y: 0.5589706897735596
z: 0.018271056935191154
, x: 0.4498836100101471
y: 0.5357465744018555
z: 0.005163682159036398
, x: 0.4355393946170807
y: 0.5330594182014465
z: -0.0038706243503838778
, x: 0.5107697248458862
y: 0.5935469269752502
z: 0.01653403975069523
, x: 0.4914973974227905
y: 0.5428994297981262
z: 0.008523757569491863
, x: 0.4726141691207886
y: 0.5211042165756226
z: -0.0022373779211193323
, x: 0.45908209681510925
y: 0.5217330455780029
z: -0.008888647891581059
, x: 0.5337165594100952
y: 0.584855318069458
z: 0.0073883673176169395
, x: 0.5146660208702087
y: 0.5434345602989197
z: -0.0005909414612688124
, x: 0.4941085875034332
y: 0.5251761674880981
z: -0.007181913126260042
, x: 0.4760676920413971
y: 0.5229088664054871
z: -0.011291097849607468
]",
35,148,"[x: 0.5637272596359253
y: 0.7261046171188354
z: 8.628148862044327e-08
, x: 0.5130941867828369
y: 0.719343900680542
z: -0.0040219626389443874
, x: 0.47166508436203003
y: 0.6720997095108032
z: -0.0013985922560095787
, x: 0.4527618885040283
y: 0.6152275204658508
z: -0.0015059986617416143
, x: 0.44153571128845215
y: 0.5710112452507019
z: -0.0005436100764200091
, x: 0.47422128915786743
y: 0.6237949132919312
z: 0.027457471936941147
, x: 0.45234817266464233
y: 0.5818041563034058
z: 0.02162216231226921
, x: 0.4376314580440521
y: 0.5573441982269287
z: 0.011130815371870995
, x: 0.4288146495819092
y: 0.5469139814376831
z: 0.003758816048502922
, x: 0.4910728335380554
y: 0.6042486429214478
z: 0.02351514808833599
, x: 0.4684165120124817
y: 0.5574514269828796
z: 0.017635587602853775
, x: 0.4504280984401703
y: 0.5332977771759033
z: 0.005022366531193256
, x: 0.43952688574790955
y: 0.5304239988327026
z: -0.0036940390709787607
, x: 0.5106739401817322
y: 0.5928817391395569
z: 0.015684369951486588
, x: 0.49224618077278137
y: 0.5418484807014465
z: 0.007861251011490822
, x: 0.47503554821014404
y: 0.5196776986122131
z: -0.0034355868119746447
, x: 0.4642736613750458
y: 0.5213620662689209
z: -0.010550207458436489
, x: 0.5336907505989075
y: 0.5844873785972595
z: 0.006751638371497393
, x: 0.5159490704536438
y: 0.5436283946037292
z: -0.0013025380903854966
, x: 0.49598944187164307
y: 0.5258009433746338
z: -0.008697404526174068
, x: 0.4788709580898285
y: 0.5243549942970276
z: -0.013527615927159786
]",
36,149,"[x: 0.563438892364502
y: 0.7273638248443604
z: 8.837431408892371e-08
, x: 0.512041449546814
y: 0.7194260358810425
z: -0.0045247324742376804
, x: 0.4713442027568817
y: 0.6746191382408142
z: -0.002560012275353074
, x: 0.45071327686309814
y: 0.6194731593132019
z: -0.003512007649987936
, x: 0.43776625394821167
y: 0.5739049315452576
z: -0.003426688490435481
, x: 0.47316455841064453
y: 0.627640962600708
z: 0.029891977086663246
, x: 0.4518297612667084
y: 0.5868069529533386
z: 0.02434525452554226
, x: 0.4364769160747528
y: 0.5637765526771545
z: 0.013406404294073582
, x: 0.42553532123565674
y: 0.5538160800933838
z: 0.005383551120758057
, x: 0.48983919620513916
y: 0.6061264276504517
z: 0.0259707011282444
, x: 0.46809977293014526
y: 0.5584725141525269
z: 0.020016847178339958
, x: 0.44796353578567505
y: 0.5355626940727234
z: 0.006218192167580128
, x: 0.43259596824645996
y: 0.5334054231643677
z: -0.003513757372274995
, x: 0.5089726448059082
y: 0.5935335755348206
z: 0.01800617203116417
, x: 0.49038296937942505
y: 0.5412477850914001
z: 0.009931331500411034
, x: 0.47012826800346375
y: 0.520297110080719
z: -0.0023881339002400637
, x: 0.45481643080711365
y: 0.5230731964111328
z: -0.01023408118635416
, x: 0.5316123366355896
y: 0.5841951966285706
z: 0.008950033225119114
, x: 0.5139138102531433
y: 0.5416069626808167
z: 0.0008509735343977809
, x: 0.49266940355300903
y: 0.5243703126907349
z: -0.006863659713417292
, x: 0.4734690189361572
y: 0.5245510935783386
z: -0.011973468586802483
]",
37,150,"[x: 0.5538454651832581
y: 0.7413496971130371
z: 3.67143755397592e-08
, x: 0.5061315298080444
y: 0.7190157771110535
z: -0.003191117662936449
, x: 0.471798837184906
y: 0.6613554358482361
z: -0.003507323330268264
, x: 0.4569382965564728
y: 0.6087000370025635
z: -0.007250101771205664
, x: 0.4499591886997223
y: 0.565898060798645
z: -0.010417718440294266
, x: 0.48984429240226746
y: 0.6051464676856995
z: 0.014518625102937222
, x: 0.4744960069656372
y: 0.5495049357414246
z: 0.001771687064319849
, x: 0.45054179430007935
y: 0.5316154360771179
z: -0.011540559120476246
, x: 0.43241068720817566
y: 0.5334004163742065
z: -0.019330263137817383
, x: 0.5074751377105713
y: 0.5932439565658569
z: 0.00695126922801137
, x: 0.49503377079963684
y: 0.5247589945793152
z: -0.00360866985283792
, x: 0.4653870761394501
y: 0.5094363689422607
z: -0.01432653609663248
, x: 0.44382208585739136
y: 0.518882155418396
z: -0.020690856501460075
, x: 0.526626706123352
y: 0.5888679623603821
z: -0.0038699842989444733
, x: 0.5148277282714844
y: 0.5163688659667969
z: -0.014462045393884182
, x: 0.48593688011169434
y: 0.5086135268211365
z: -0.021361274644732475
, x: 0.4664562940597534
y: 0.5259767174720764
z: -0.02425549179315567
, x: 0.5451154708862305
y: 0.5906974673271179
z: -0.015975013375282288
, x: 0.5287842750549316
y: 0.5329889059066772
z: -0.024600405246019363
, x: 0.5048998594284058
y: 0.5238465070724487
z: -0.027491407468914986
, x: 0.4857431650161743
y: 0.5386428833007812
z: -0.02809966169297695
]",
38,151,"[x: 0.5699315071105957
y: 0.7304646968841553
z: -1.1453645498704645e-07
, x: 0.5725505352020264
y: 0.6497744917869568
z: 0.008072416298091412
, x: 0.5529689192771912
y: 0.5694959759712219
z: 0.005801051389425993
, x: 0.5237540006637573
y: 0.5109365582466125
z: 0.0007724218303337693
, x: 0.4960782825946808
y: 0.46575862169265747
z: -0.0046663531102240086
, x: 0.5913400650024414
y: 0.5547245740890503
z: -0.007910065352916718
, x: 0.5572871565818787
y: 0.48875463008880615
z: -0.02128257229924202
, x: 0.5220462083816528
y: 0.46668732166290283
z: -0.02849423699080944
, x: 0.4956459701061249
y: 0.4608551859855652
z: -0.03155618906021118
, x: 0.5806072354316711
y: 0.571162760257721
z: -0.018173212185502052
, x: 0.5374268889427185
y: 0.5017234683036804
z: -0.02824130281805992
, x: 0.4955843985080719
y: 0.4905738830566406
z: -0.030001534149050713
, x: 0.4675143361091614
y: 0.49746108055114746
z: -0.031241076067090034
, x: 0.5606865882873535
y: 0.5945789813995361
z: -0.027951473370194435
, x: 0.513893187046051
y: 0.5305531620979309
z: -0.034174200147390366
, x: 0.48221269249916077
y: 0.5276631712913513
z: -0.0288118626922369
, x: 0.46615487337112427
y: 0.5414147973060608
z: -0.024868564680218697
, x: 0.5336899757385254
y: 0.6252356767654419
z: -0.037146952003240585
, x: 0.49649515748023987
y: 0.5738748908042908
z: -0.040310345590114594
, x: 0.474138081073761
y: 0.5659542679786682
z: -0.03602595627307892
, x: 0.46095195412635803
y: 0.5740175843238831
z: -0.03240085765719414
]",
39,152,"[x: 0.5715518593788147
y: 0.723000168800354
z: -3.636359053871274e-07
, x: 0.5631826519966125
y: 0.6547613143920898
z: 0.008649136871099472
, x: 0.5490344166755676
y: 0.5757786631584167
z: 0.004458671435713768
, x: 0.5279995799064636
y: 0.5161577463150024
z: -0.0026845650281757116
, x: 0.5079091787338257
y: 0.4702986478805542
z: -0.010220053605735302
, x: 0.5888223052024841
y: 0.5499551296234131
z: -0.015329794026911259
, x: 0.5568774342536926
y: 0.4758293032646179
z: -0.034452155232429504
, x: 0.5192533731460571
y: 0.46026283502578735
z: -0.045524049550294876
, x: 0.4927871823310852
y: 0.46305328607559204
z: -0.05029832944273949
, x: 0.5852465629577637
y: 0.5710110068321228
z: -0.027065129950642586
, x: 0.5401949882507324
y: 0.4958852529525757
z: -0.040696267038583755
, x: 0.4970203638076782
y: 0.48901793360710144
z: -0.04312383756041527
, x: 0.4711369276046753
y: 0.5002064108848572
z: -0.045142754912376404
, x: 0.5706329941749573
y: 0.5972546339035034
z: -0.03812290355563164
, x: 0.5196488499641418
y: 0.5335608124732971
z: -0.0487128421664238
, x: 0.48342612385749817
y: 0.5366964936256409
z: -0.045030731707811356
, x: 0.46475136280059814
y: 0.553711473941803
z: -0.04263855144381523
, x: 0.5481575131416321
y: 0.6266034245491028
z: -0.04828467220067978
, x: 0.503496527671814
y: 0.5771312117576599
z: -0.056702133268117905
, x: 0.474457323551178
y: 0.5722082853317261
z: -0.05517411604523659
, x: 0.4561232924461365
y: 0.578750729560852
z: -0.05339893326163292
]",
40,153,"[x: 0.577100396156311
y: 0.7311873435974121
z: -2.9494810860342113e-07
, x: 0.5818747282028198
y: 0.6594223976135254
z: 0.007032052148133516
, x: 0.5721369981765747
y: 0.588561475276947
z: -0.0006111810216680169
, x: 0.5453035235404968
y: 0.5348477363586426
z: -0.00975140929222107
, x: 0.5187343955039978
y: 0.4972984790802002
z: -0.01981530897319317
, x: 0.5970336198806763
y: 0.5628059506416321
z: -0.029889171943068504
, x: 0.5633577704429626
y: 0.4852982759475708
z: -0.05129804089665413
, x: 0.5286019444465637
y: 0.45967328548431396
z: -0.059480249881744385
, x: 0.5028076171875
y: 0.453142911195755
z: -0.06164276972413063
, x: 0.5886697173118591
y: 0.5912352800369263
z: -0.041729919612407684
, x: 0.535658597946167
y: 0.5054303407669067
z: -0.06199684739112854
, x: 0.49468153715133667
y: 0.4942615032196045
z: -0.06247464939951897
, x: 0.47161000967025757
y: 0.5062078833580017
z: -0.06056063249707222
, x: 0.5687845349311829
y: 0.6222149133682251
z: -0.05209340900182724
, x: 0.5089448690414429
y: 0.5494234561920166
z: -0.0693303793668747
, x: 0.4732608199119568
y: 0.5446920394897461
z: -0.06380973756313324
, x: 0.4570838510990143
y: 0.5565851330757141
z: -0.05721389874815941
, x: 0.5427687168121338
y: 0.6522324085235596
z: -0.06100403890013695
, x: 0.4926946759223938
y: 0.5982654690742493
z: -0.0744418203830719
, x: 0.46582770347595215
y: 0.5845015645027161
z: -0.07306438684463501
, x: 0.45108747482299805
y: 0.581843376159668
z: -0.06934667378664017
]",
41,154,"[x: 0.5750908851623535
y: 0.7297480702400208
z: -2.681113073776942e-07
, x: 0.5778388381004333
y: 0.6540501117706299
z: 0.003143605077639222
, x: 0.5632380843162537
y: 0.5744898319244385
z: -0.0058808340691030025
, x: 0.5326728820800781
y: 0.5127759575843811
z: -0.015534132719039917
, x: 0.506974458694458
y: 0.4655742347240448
z: -0.025896213948726654
, x: 0.5956692099571228
y: 0.5589271187782288
z: -0.03309588506817818
, x: 0.5631711483001709
y: 0.4844449758529663
z: -0.05508504807949066
, x: 0.52825528383255
y: 0.4575975239276886
z: -0.06374763697385788
, x: 0.5015705823898315
y: 0.4510863125324249
z: -0.06645023077726364
, x: 0.5880795121192932
y: 0.5898134112358093
z: -0.04320015758275986
, x: 0.5351075530052185
y: 0.5058868527412415
z: -0.06453707069158554
, x: 0.49406465888023376
y: 0.4965837299823761
z: -0.06580096483230591
, x: 0.47064462304115295
y: 0.5118297338485718
z: -0.06463129073381424
, x: 0.5682281255722046
y: 0.6220256090164185
z: -0.052077267318964005
, x: 0.5090993046760559
y: 0.5511643290519714
z: -0.07055598497390747
, x: 0.47441864013671875
y: 0.5477235317230225
z: -0.06573717296123505
, x: 0.45872896909713745
y: 0.5620031356811523
z: -0.059569090604782104
, x: 0.5409829020500183
y: 0.6523813605308533
z: -0.059649959206581116
, x: 0.4915686845779419
y: 0.5973503589630127
z: -0.0734725072979927
, x: 0.4654393196105957
y: 0.5854942798614502
z: -0.07257794588804245
, x: 0.4509086608886719
y: 0.5854747891426086
z: -0.06945887207984924
]",
42,155,"[x: 0.5784332156181335
y: 0.7258920073509216
z: -2.5517681478959275e-07
, x: 0.5798086524009705
y: 0.648971438407898
z: -0.0006878362037241459
, x: 0.5651775002479553
y: 0.5680323839187622
z: -0.011295175179839134
, x: 0.5380107164382935
y: 0.5037996768951416
z: -0.021456921473145485
, x: 0.5149140954017639
y: 0.45482945442199707
z: -0.03222571313381195
, x: 0.6016298532485962
y: 0.5548298358917236
z: -0.03809366747736931
, x: 0.5704355239868164
y: 0.48073050379753113
z: -0.06224026903510094
, x: 0.5342544317245483
y: 0.45478299260139465
z: -0.07240980863571167
, x: 0.5076446533203125
y: 0.447584867477417
z: -0.07613898068666458
, x: 0.5942080616950989
y: 0.5869079232215881
z: -0.04630532115697861
, x: 0.5456127524375916
y: 0.5036082863807678
z: -0.0682884082198143
, x: 0.5028485655784607
y: 0.4922711253166199
z: -0.06967539340257645
, x: 0.47849711775779724
y: 0.5031208395957947
z: -0.06915265321731567
, x: 0.5732699632644653
y: 0.6188786029815674
z: -0.05371328070759773
, x: 0.5179459452629089
y: 0.5458582639694214
z: -0.07349926233291626
, x: 0.48021399974823
y: 0.539276659488678
z: -0.06896380335092545
, x: 0.462312251329422
y: 0.5496759414672852
z: -0.06322488188743591
, x: 0.5445826053619385
y: 0.6479043960571289
z: -0.06004444137215614
, x: 0.496226966381073
y: 0.591096043586731
z: -0.07525502145290375
, x: 0.46950167417526245
y: 0.5782849788665771
z: -0.07508043199777603
, x: 0.45471444725990295
y: 0.5756615996360779
z: -0.0726107507944107
]",
43,156,"[x: 0.5813584327697754
y: 0.7324977517127991
z: -2.898725597333396e-07
, x: 0.5847470760345459
y: 0.6597276926040649
z: 0.0036464149598032236
, x: 0.5746365785598755
y: 0.5824942588806152
z: -0.005072250030934811
, x: 0.5489320158958435
y: 0.5204312801361084
z: -0.01437343843281269
, x: 0.5261331796646118
y: 0.4735996425151825
z: -0.024579478427767754
, x: 0.606115996837616
y: 0.5639780163764954
z: -0.03474516049027443
, x: 0.5725748538970947
y: 0.48763442039489746
z: -0.056884631514549255
, x: 0.5376870036125183
y: 0.461241751909256
z: -0.0657595694065094
, x: 0.5117945075035095
y: 0.454519122838974
z: -0.06854446232318878
, x: 0.5978174209594727
y: 0.5938681364059448
z: -0.044917136430740356
, x: 0.5503416657447815
y: 0.5089479684829712
z: -0.06492385268211365
, x: 0.5081481337547302
y: 0.4932020604610443
z: -0.0658208429813385
, x: 0.48268023133277893
y: 0.5015923380851746
z: -0.06504689157009125
, x: 0.5774238705635071
y: 0.624972939491272
z: -0.053758446127176285
, x: 0.5215801000595093
y: 0.5527668595314026
z: -0.07107392698526382
, x: 0.4836527109146118
y: 0.5440033674240112
z: -0.06656772643327713
, x: 0.4647969603538513
y: 0.5529670119285583
z: -0.06131864711642265
, x: 0.5497288107872009
y: 0.6540011763572693
z: -0.06132952496409416
, x: 0.5025079250335693
y: 0.5978503823280334
z: -0.07500497996807098
, x: 0.47477829456329346
y: 0.5810978412628174
z: -0.07468461990356445
, x: 0.45847129821777344
y: 0.5755566358566284
z: -0.07224732637405396
]",
44,157,"[x: 0.5832347273826599
y: 0.7363811731338501
z: -2.8107257321607904e-07
, x: 0.5855528712272644
y: 0.6636667251586914
z: 0.0035472558811306953
, x: 0.5765172243118286
y: 0.5891527533531189
z: -0.005545365158468485
, x: 0.5513142943382263
y: 0.5312840342521667
z: -0.01558541227132082
, x: 0.5280357599258423
y: 0.4869644343852997
z: -0.026512926444411278
, x: 0.6089221239089966
y: 0.5653255581855774
z: -0.03296472504734993
, x: 0.5754462480545044
y: 0.49061113595962524
z: -0.055097755044698715
, x: 0.5389683842658997
y: 0.46588853001594543
z: -0.064398854970932
, x: 0.5117231607437134
y: 0.4597543179988861
z: -0.06763402372598648
, x: 0.6029557585716248
y: 0.5946071147918701
z: -0.04349016770720482
, x: 0.5546820163726807
y: 0.5124942064285278
z: -0.06347532570362091
, x: 0.5109096169471741
y: 0.49528056383132935
z: -0.06498441845178604
, x: 0.48353931307792664
y: 0.5011521577835083
z: -0.06499555706977844
, x: 0.5837751030921936
y: 0.6257621645927429
z: -0.0529024600982666
, x: 0.5264822244644165
y: 0.5566032528877258
z: -0.07022891938686371
, x: 0.4868770241737366
y: 0.5490797758102417
z: -0.0662861168384552
, x: 0.4663274884223938
y: 0.5589975714683533
z: -0.06172375753521919
, x: 0.5565697550773621
y: 0.6550194621086121
z: -0.06117025017738342
, x: 0.5074061751365662
y: 0.6006278395652771
z: -0.07434438914060593
, x: 0.4777417778968811
y: 0.5879589915275574
z: -0.07372058928012848
, x: 0.46001750230789185
y: 0.5864722728729248
z: -0.07139655947685242
]",
45,158,"[x: 0.5837057828903198
y: 0.7369555234909058
z: -3.017321148490737e-07
, x: 0.5843766927719116
y: 0.6627817153930664
z: 0.0034329222980886698
, x: 0.5753455758094788
y: 0.5882887244224548
z: -0.005956181325018406
, x: 0.5508843660354614
y: 0.5310041308403015
z: -0.016260530799627304
, x: 0.5289689898490906
y: 0.48763251304626465
z: -0.02746596373617649
, x: 0.6085985898971558
y: 0.5670193433761597
z: -0.0352049320936203
, x: 0.5762400031089783
y: 0.4895865321159363
z: -0.05842669680714607
, x: 0.5387963056564331
y: 0.46527689695358276
z: -0.06752031296491623
, x: 0.5108607411384583
y: 0.4600343704223633
z: -0.07036466896533966
, x: 0.6034381985664368
y: 0.5961247086524963
z: -0.04588773101568222
, x: 0.5553460717201233
y: 0.5117032527923584
z: -0.06835363060235977
, x: 0.5096628069877625
y: 0.4978346824645996
z: -0.07002878189086914
, x: 0.48183828592300415
y: 0.5069241523742676
z: -0.06941968947649002
, x: 0.5847452282905579
y: 0.6271323561668396
z: -0.05541830509901047
, x: 0.5274887681007385
y: 0.5573540925979614
z: -0.07465393096208572
, x: 0.48605281114578247
y: 0.5521617531776428
z: -0.07134339213371277
, x: 0.4648456573486328
y: 0.56343013048172
z: -0.06676877290010452
, x: 0.5581827759742737
y: 0.6565192341804504
z: -0.06373313069343567
, x: 0.5091330409049988
y: 0.6024200320243835
z: -0.07821926474571228
, x: 0.47815191745758057
y: 0.5909334421157837
z: -0.0785067230463028
, x: 0.4596621096134186
y: 0.5896223187446594
z: -0.07672947645187378
]",
46,159,"[x: 0.5750898122787476
y: 0.7610279321670532
z: -4.4527953946271737e-07
, x: 0.5249366760253906
y: 0.6941004395484924
z: -0.0032884294632822275
, x: 0.5163202285766602
y: 0.6278987526893616
z: -0.01226077415049076
, x: 0.5136231780052185
y: 0.5810875296592712
z: -0.02273436263203621
, x: 0.505437970161438
y: 0.5482996702194214
z: -0.03371848911046982
, x: 0.5899010896682739
y: 0.5744084715843201
z: -0.021327778697013855
, x: 0.5490549802780151
y: 0.5083209872245789
z: -0.04737203195691109
, x: 0.5025980472564697
y: 0.5031737089157104
z: -0.06531921029090881
, x: 0.473723828792572
y: 0.5186172127723694
z: -0.0742998719215393
, x: 0.5950742959976196
y: 0.5931746363639832
z: -0.030478697270154953
, x: 0.5487281680107117
y: 0.5174834132194519
z: -0.05175632983446121
, x: 0.4974666237831116
y: 0.518613874912262
z: -0.060569457709789276
, x: 0.46902602910995483
y: 0.5398572683334351
z: -0.06526053696870804
, x: 0.5859951972961426
y: 0.6214239597320557
z: -0.040537066757678986
, x: 0.5359586477279663
y: 0.5573636889457703
z: -0.05969997122883797
, x: 0.491052508354187
y: 0.5668598413467407
z: -0.06137406826019287
, x: 0.4692601263523102
y: 0.5899155735969543
z: -0.060479119420051575
, x: 0.5651914477348328
y: 0.6553182601928711
z: -0.050819672644138336
, x: 0.5183374285697937
y: 0.6129174828529358
z: -0.06396404653787613
, x: 0.489235520362854
y: 0.6142790913581848
z: -0.06432726979255676
, x: 0.47546666860580444
y: 0.6259689927101135
z: -0.06279309093952179
]",
47,160,"[x: 0.5761902928352356
y: 0.7615484595298767
z: -4.0987765714817215e-07
, x: 0.5263732075691223
y: 0.6954637169837952
z: -0.004746876657009125
, x: 0.5193148255348206
y: 0.6254392862319946
z: -0.013136389665305614
, x: 0.5195996761322021
y: 0.5739505290985107
z: -0.02239830046892166
, x: 0.5125629901885986
y: 0.5361191630363464
z: -0.03180094435811043
, x: 0.5869117975234985
y: 0.5715843439102173
z: -0.02267177775502205
, x: 0.5476088523864746
y: 0.5032626390457153
z: -0.04929257929325104
, x: 0.500372588634491
y: 0.5005826950073242
z: -0.06660033017396927
, x: 0.4719248116016388
y: 0.5182602405548096
z: -0.07474305480718613
, x: 0.5936876535415649
y: 0.5922697186470032
z: -0.030984237790107727
, x: 0.548882246017456
y: 0.5151400566101074
z: -0.053258009254932404
, x: 0.4963587820529938
y: 0.5190420746803284
z: -0.061095792800188065
, x: 0.4673355221748352
y: 0.5444660186767578
z: -0.06439286470413208
, x: 0.5858685374259949
y: 0.6222524642944336
z: -0.0406167171895504
, x: 0.5363946557044983
y: 0.5577154755592346
z: -0.060980066657066345
, x: 0.4897787868976593
y: 0.568114161491394
z: -0.06280622631311417
, x: 0.46726471185684204
y: 0.5927497744560242
z: -0.061439525336027145
, x: 0.5669415593147278
y: 0.6572388410568237
z: -0.05044322833418846
, x: 0.5187231302261353
y: 0.6123064160346985
z: -0.06519009172916412
, x: 0.4890167713165283
y: 0.6143551468849182
z: -0.0664246529340744
, x: 0.47510698437690735
y: 0.6265060901641846
z: -0.06509780138731003
]",
48,161,"[x: 0.10596119612455368
y: 0.8954952359199524
z: 2.579115232492768e-07
, x: 0.09205055236816406
y: 0.8726547956466675
z: -0.01526075229048729
, x: 0.08538714796304703
y: 0.8322347402572632
z: -0.022435743361711502
, x: 0.0852450579404831
y: 0.8002200722694397
z: -0.027057873085141182
, x: 0.08644387871026993
y: 0.7763548493385315
z: -0.0312277190387249
, x: 0.1242474913597107
y: 0.803717851638794
z: -0.022061830386519432
, x: 0.12936843931674957
y: 0.7466405630111694
z: -0.03699105232954025
, x: 0.13196539878845215
y: 0.7016505599021912
z: -0.04895596578717232
, x: 0.13234321773052216
y: 0.665800929069519
z: -0.056259725242853165
, x: 0.12995809316635132
y: 0.8024603724479675
z: -0.02032691240310669
, x: 0.13668318092823029
y: 0.7454099655151367
z: -0.03342929109930992
, x: 0.13768935203552246
y: 0.7007752060890198
z: -0.04375552758574486
, x: 0.13760636746883392
y: 0.6608555912971497
z: -0.05015309527516365
, x: 0.13220039010047913
y: 0.8009529113769531
z: -0.019469277933239937
, x: 0.1370203197002411
y: 0.7489252090454102
z: -0.030262058600783348
, x: 0.136850044131279
y: 0.7076416015625
z: -0.03656869754195213
, x: 0.13693243265151978
y: 0.6709264516830444
z: -0.039549048990011215
, x: 0.13051411509513855
y: 0.8011016249656677
z: -0.01991228200495243
, x: 0.13348841667175293
y: 0.7584254741668701
z: -0.028537185862660408
, x: 0.133822500705719
y: 0.7263621687889099
z: -0.03166146203875542
, x: 0.13426554203033447
y: 0.6970272064208984
z: -0.03267031908035278
]",
49,164,"[x: 0.10276039689779282
y: 0.9059261083602905
z: 2.6974100819643354e-07
, x: 0.08840331435203552
y: 0.8726444840431213
z: -0.00785019900649786
, x: 0.08471374958753586
y: 0.826917290687561
z: -0.011969192884862423
, x: 0.08604912459850311
y: 0.7958601117134094
z: -0.015564534813165665
, x: 0.08809246122837067
y: 0.7729045152664185
z: -0.019029852002859116
, x: 0.12526479363441467
y: 0.8038340210914612
z: -0.012115604244172573
, x: 0.13150762021541595
y: 0.7430686950683594
z: -0.025383394211530685
, x: 0.13474155962467194
y: 0.6944741606712341
z: -0.03661736100912094
, x: 0.1353076547384262
y: 0.6558412313461304
z: -0.043541114777326584
, x: 0.13062550127506256
y: 0.8028346300125122
z: -0.014718296006321907
, x: 0.1379876434803009
y: 0.7408984303474426
z: -0.026639798656105995
, x: 0.14031097292900085
y: 0.6917024850845337
z: -0.03742341324687004
, x: 0.14175280928611755
y: 0.6479263305664062
z: -0.04420226439833641
, x: 0.13114029169082642
y: 0.8005621433258057
z: -0.017865225672721863
, x: 0.13591404259204865
y: 0.7438532710075378
z: -0.027704259380698204
, x: 0.1369677484035492
y: 0.6984432339668274
z: -0.034571558237075806
, x: 0.13849221169948578
y: 0.6587135791778564
z: -0.038117773830890656
, x: 0.12607882916927338
y: 0.7993064522743225
z: -0.021794645115733147
, x: 0.12763763964176178
y: 0.7539438009262085
z: -0.02884376421570778
, x: 0.1281525045633316
y: 0.7207342386245728
z: -0.03114471584558487
, x: 0.1293087899684906
y: 0.6906609535217285
z: -0.031916696578264236
]",
50,166,"[x: 0.10276039689779282
y: 0.9059261083602905
z: 2.6974100819643354e-07
, x: 0.08840331435203552
y: 0.8726444840431213
z: -0.00785019900649786
, x: 0.08471374958753586
y: 0.826917290687561
z: -0.011969192884862423
, x: 0.08604912459850311
y: 0.7958601117134094
z: -0.015564534813165665
, x: 0.08809246122837067
y: 0.7729045152664185
z: -0.019029852002859116
, x: 0.12526479363441467
y: 0.8038340210914612
z: -0.012115604244172573
, x: 0.13150762021541595
y: 0.7430686950683594
z: -0.025383394211530685
, x: 0.13474155962467194
y: 0.6944741606712341
z: -0.03661736100912094
, x: 0.1353076547384262
y: 0.6558412313461304
z: -0.043541114777326584
, x: 0.13062550127506256
y: 0.8028346300125122
z: -0.014718296006321907
, x: 0.1379876434803009
y: 0.7408984303474426
z: -0.026639798656105995
, x: 0.14031097292900085
y: 0.6917024850845337
z: -0.03742341324687004
, x: 0.14175280928611755
y: 0.6479263305664062
z: -0.04420226439833641
, x: 0.13114029169082642
y: 0.8005621433258057
z: -0.017865225672721863
, x: 0.13591404259204865
y: 0.7438532710075378
z: -0.027704259380698204
, x: 0.1369677484035492
y: 0.6984432339668274
z: -0.034571558237075806
, x: 0.13849221169948578
y: 0.6587135791778564
z: -0.038117773830890656
, x: 0.12607882916927338
y: 0.7993064522743225
z: -0.021794645115733147
, x: 0.12763763964176178
y: 0.7539438009262085
z: -0.02884376421570778
, x: 0.1281525045633316
y: 0.7207342386245728
z: -0.03114471584558487
, x: 0.1293087899684906
y: 0.6906609535217285
z: -0.031916696578264236
]",
51,169,"[x: 0.10366018861532211
y: 0.8999086022377014
z: 2.274815926739393e-07
, x: 0.08611291646957397
y: 0.8722019195556641
z: -0.012458628043532372
, x: 0.07917483150959015
y: 0.8296220898628235
z: -0.017103834077715874
, x: 0.08045099675655365
y: 0.7970474362373352
z: -0.0199313722550869
, x: 0.08254431933164597
y: 0.7727962732315063
z: -0.022077282890677452
, x: 0.12142697721719742
y: 0.7993106842041016
z: -0.013029888272285461
, x: 0.12581025063991547
y: 0.7445597052574158
z: -0.02456442266702652
, x: 0.1295449137687683
y: 0.7023992538452148
z: -0.03478163480758667
, x: 0.1318661868572235
y: 0.669562816619873
z: -0.04087093099951744
, x: 0.12987050414085388
y: 0.7992178201675415
z: -0.011795194819569588
, x: 0.13567286729812622
y: 0.7440484762191772
z: -0.021808885037899017
, x: 0.13683706521987915
y: 0.7015885710716248
z: -0.0312652625143528
, x: 0.1374899297952652
y: 0.6641731262207031
z: -0.03709045797586441
, x: 0.13386261463165283
y: 0.7989300489425659
z: -0.011635412462055683
, x: 0.13842615485191345
y: 0.7497701048851013
z: -0.02028520777821541
, x: 0.138901948928833
y: 0.7102912068367004
z: -0.026419587433338165
, x: 0.1398363560438156
y: 0.6755199432373047
z: -0.029255228117108345
, x: 0.1329437792301178
y: 0.799666166305542
z: -0.012597841210663319
, x: 0.1351531445980072
y: 0.7581947445869446
z: -0.019195053726434708
, x: 0.135159432888031
y: 0.7274776101112366
z: -0.02143952250480652
, x: 0.13548016548156738
y: 0.6999372243881226
z: -0.0218488872051239
]",
52,171,"[x: 0.10567612946033478
y: 0.9024011492729187
z: 2.2884562156377797e-07
, x: 0.08800992369651794
y: 0.8764216899871826
z: -0.013781342655420303
, x: 0.0804288387298584
y: 0.8324474096298218
z: -0.019073933362960815
, x: 0.08027638494968414
y: 0.7993122339248657
z: -0.022046618163585663
, x: 0.08172577619552612
y: 0.7755103707313538
z: -0.02441577985882759
, x: 0.12208694964647293
y: 0.8051494359970093
z: -0.018106961622834206
, x: 0.1258978545665741
y: 0.7470810413360596
z: -0.0314861498773098
, x: 0.1279313564300537
y: 0.7017783522605896
z: -0.042324673384428024
, x: 0.1285971999168396
y: 0.6663768887519836
z: -0.04875926673412323
, x: 0.13028362393379211
y: 0.8034994006156921
z: -0.016508830711245537
, x: 0.13532906770706177
y: 0.7445774674415588
z: -0.028202997520565987
, x: 0.1357395201921463
y: 0.6995882987976074
z: -0.03756016492843628
, x: 0.13555222749710083
y: 0.6591457724571228
z: -0.043222177773714066
, x: 0.13437549769878387
y: 0.8013548254966736
z: -0.015827683731913567
, x: 0.13791687786579132
y: 0.7481338381767273
z: -0.0255217794328928
, x: 0.13777002692222595
y: 0.706734836101532
z: -0.03137267380952835
, x: 0.13763827085494995
y: 0.6701154708862305
z: -0.033942416310310364
, x: 0.13390567898750305
y: 0.8005823493003845
z: -0.016399404034018517
, x: 0.13705869019031525
y: 0.7559996843338013
z: -0.023935096338391304
, x: 0.13772153854370117
y: 0.7231200337409973
z: -0.026700133457779884
, x: 0.13826757669448853
y: 0.693721354007721
z: -0.027464160695672035
]",
53,175,"[x: 0.10576394945383072
y: 0.8937119245529175
z: 2.4566509182477603e-07
, x: 0.08720523864030838
y: 0.8662884831428528
z: -0.01184296328574419
, x: 0.07970760017633438
y: 0.8198491930961609
z: -0.016484737396240234
, x: 0.07947961241006851
y: 0.7850446701049805
z: -0.019564494490623474
, x: 0.08087437599897385
y: 0.7601265907287598
z: -0.022126568481326103
, x: 0.1243138462305069
y: 0.7945793271064758
z: -0.015044594183564186
, x: 0.1284329891204834
y: 0.7398130893707275
z: -0.02738644741475582
, x: 0.13102783262729645
y: 0.6972795724868774
z: -0.03738151863217354
, x: 0.13086006045341492
y: 0.6632369160652161
z: -0.04337495192885399
, x: 0.1325494945049286
y: 0.7937702536582947
z: -0.01513470709323883
, x: 0.13884322345256805
y: 0.7379154562950134
z: -0.026422278955578804
, x: 0.13969561457633972
y: 0.6943734884262085
z: -0.035486795008182526
, x: 0.13959206640720367
y: 0.6563845872879028
z: -0.04081824794411659
, x: 0.13556301593780518
y: 0.7926778793334961
z: -0.01611887663602829
, x: 0.13932812213897705
y: 0.7397729754447937
z: -0.026103457435965538
, x: 0.13843309879302979
y: 0.6987403631210327
z: -0.031947944313287735
, x: 0.13824212551116943
y: 0.6635700464248657
z: -0.03434952348470688
, x: 0.13307414948940277
y: 0.7934098243713379
z: -0.018196161836385727
, x: 0.13465608656406403
y: 0.7482267618179321
z: -0.02564798854291439
, x: 0.13439536094665527
y: 0.7153795957565308
z: -0.027964472770690918
, x: 0.1348704695701599
y: 0.6866065263748169
z: -0.028392480686306953
]",
54,177,"[x: 0.10404806584119797
y: 0.8920307159423828
z: 2.7005089009435324e-07
, x: 0.08939160406589508
y: 0.8709285259246826
z: -0.015778016299009323
, x: 0.08205928653478622
y: 0.8307650089263916
z: -0.0226674173027277
, x: 0.08276087790727615
y: 0.7987678050994873
z: -0.027118902653455734
, x: 0.08550423383712769
y: 0.7758848071098328
z: -0.031085072085261345
, x: 0.12146414071321487
y: 0.7957610487937927
z: -0.02100493386387825
, x: 0.12733252346515656
y: 0.7384064793586731
z: -0.034912873059511185
, x: 0.13107909262180328
y: 0.6940180063247681
z: -0.04591696709394455
, x: 0.1324344277381897
y: 0.6584711074829102
z: -0.05259161442518234
, x: 0.12908507883548737
y: 0.7938961982727051
z: -0.019396362826228142
, x: 0.13641634583473206
y: 0.7360098361968994
z: -0.03243226557970047
, x: 0.13800787925720215
y: 0.6908578872680664
z: -0.04269671440124512
, x: 0.138310506939888
y: 0.6505663394927979
z: -0.04880508407950401
, x: 0.13257330656051636
y: 0.7927005290985107
z: -0.018748408183455467
, x: 0.13778288662433624
y: 0.7399995923042297
z: -0.030422857031226158
, x: 0.1381121277809143
y: 0.6981937289237976
z: -0.03759871423244476
, x: 0.13848233222961426
y: 0.6612051129341125
z: -0.04084933176636696
, x: 0.1317308247089386
y: 0.793928861618042
z: -0.01936430297791958
, x: 0.13558615744113922
y: 0.7501583695411682
z: -0.02882724069058895
, x: 0.13634559512138367
y: 0.7168647050857544
z: -0.03244033828377724
, x: 0.13698925077915192
y: 0.6871591806411743
z: -0.03359275683760643
]",
55,179,"[x: 0.10306288301944733
y: 0.8993473052978516
z: 1.9121482353057218e-07
, x: 0.08618009835481644
y: 0.8727983832359314
z: -0.013557609170675278
, x: 0.07859981060028076
y: 0.8279442191123962
z: -0.01908029057085514
, x: 0.07796230167150497
y: 0.7929302453994751
z: -0.022198084741830826
, x: 0.0777672678232193
y: 0.7659837603569031
z: -0.02472303807735443
, x: 0.12088114768266678
y: 0.8044860363006592
z: -0.01765991933643818
, x: 0.1238766685128212
y: 0.7503176331520081
z: -0.029967041686177254
, x: 0.12617942690849304
y: 0.7096726894378662
z: -0.039844002574682236
, x: 0.12680599093437195
y: 0.6784573197364807
z: -0.04550250619649887
, x: 0.12922833859920502
y: 0.8040179014205933
z: -0.015289836563169956
, x: 0.1342531442642212
y: 0.7496376037597656
z: -0.02516639418900013
, x: 0.13409757614135742
y: 0.7100232839584351
z: -0.033436328172683716
, x: 0.13302820920944214
y: 0.6753771305084229
z: -0.03857765346765518
, x: 0.1331104338169098
y: 0.8029709458351135
z: -0.013827728107571602
, x: 0.13686279952526093
y: 0.7537259459495544
z: -0.02202002704143524
, x: 0.1359601616859436
y: 0.7161409854888916
z: -0.02686181105673313
, x: 0.13507862389087677
y: 0.68263179063797
z: -0.029002968221902847
, x: 0.13200147449970245
y: 0.8024308681488037
z: -0.013442090712487698
, x: 0.13351643085479736
y: 0.7606459856033325
z: -0.019581811502575874
, x: 0.13281789422035217
y: 0.7304819822311401
z: -0.021332131698727608
, x: 0.13202020525932312
y: 0.7038539052009583
z: -0.021513046696782112
]",
56,182,"[x: 0.10435701161623001
y: 0.8973832726478577
z: 2.3682224536969443e-07
, x: 0.0893474817276001
y: 0.8698354959487915
z: -0.011051532812416553
, x: 0.08401256054639816
y: 0.8268465995788574
z: -0.015173796564340591
, x: 0.08440879732370377
y: 0.7952266931533813
z: -0.018121302127838135
, x: 0.08611126989126205
y: 0.7722853422164917
z: -0.02068098448216915
, x: 0.12009676545858383
y: 0.7938280701637268
z: -0.011565105058252811
, x: 0.12619173526763916
y: 0.7397061586380005
z: -0.023348981514573097
, x: 0.1295807957649231
y: 0.6958416104316711
z: -0.033692337572574615
, x: 0.1307360678911209
y: 0.6604901552200317
z: -0.04023842513561249
, x: 0.12818466126918793
y: 0.7921779751777649
z: -0.012009527534246445
, x: 0.1351005584001541
y: 0.7375958561897278
z: -0.022799832746386528
, x: 0.13726243376731873
y: 0.6935377717018127
z: -0.0324852280318737
, x: 0.13831299543380737
y: 0.6533101797103882
z: -0.03833683580160141
, x: 0.13251574337482452
y: 0.7915128469467163
z: -0.01342437881976366
, x: 0.13685396313667297
y: 0.7418158650398254
z: -0.02282806485891342
, x: 0.13775527477264404
y: 0.7017679810523987
z: -0.02833726443350315
, x: 0.13862577080726624
y: 0.6657903790473938
z: -0.030651696026325226
, x: 0.13234782218933105
y: 0.7933329343795776
z: -0.01602996326982975
, x: 0.1342082917690277
y: 0.752206027507782
z: -0.022938048467040062
, x: 0.1344733089208603
y: 0.7223034501075745
z: -0.024544015526771545
, x: 0.1351865530014038
y: 0.6951338052749634
z: -0.024443747475743294
]",
57,183,"[x: 0.10632641613483429
y: 0.8967549800872803
z: 2.022433562842707e-07
, x: 0.08692418783903122
y: 0.8693902492523193
z: -0.020482398569583893
, x: 0.07969725131988525
y: 0.823098361492157
z: -0.029100770130753517
, x: 0.0785716325044632
y: 0.7878473401069641
z: -0.03439459949731827
, x: 0.07809342443943024
y: 0.7618511319160461
z: -0.038745347410440445
, x: 0.1207173764705658
y: 0.7923872470855713
z: -0.024835994467139244
, x: 0.12819014489650726
y: 0.7319849133491516
z: -0.039426106959581375
, x: 0.13138942420482635
y: 0.6852154731750488
z: -0.05093241482973099
, x: 0.13268740475177765
y: 0.6477334499359131
z: -0.058106280863285065
, x: 0.12878073751926422
y: 0.7910417914390564
z: -0.0207067783921957
, x: 0.13478823006153107
y: 0.7321038246154785
z: -0.035127777606248856
, x: 0.1355714052915573
y: 0.6842873096466064
z: -0.0459127351641655
, x: 0.13604868948459625
y: 0.642035961151123
z: -0.051962897181510925
, x: 0.13351188600063324
y: 0.7899564504623413
z: -0.017767880111932755
, x: 0.13735072314739227
y: 0.7357922196388245
z: -0.030040966346859932
, x: 0.13632889091968536
y: 0.6921364665031433
z: -0.0362442247569561
, x: 0.13602036237716675
y: 0.6536281108856201
z: -0.03844194859266281
, x: 0.13357803225517273
y: 0.7904950976371765
z: -0.016564175486564636
, x: 0.13462458550930023
y: 0.7454712390899658
z: -0.026273692026734352
, x: 0.13369475305080414
y: 0.7115411162376404
z: -0.028961021453142166
, x: 0.13405252993106842
y: 0.6821357607841492
z: -0.028829991817474365
]",
58,188,"[x: 0.10406242311000824
y: 0.8945932388305664
z: 2.3475222121760453e-07
, x: 0.08541349321603775
y: 0.8668665885925293
z: -0.010454493574798107
, x: 0.0772491991519928
y: 0.8228397965431213
z: -0.014362718909978867
, x: 0.07727216184139252
y: 0.7890281677246094
z: -0.01677546091377735
, x: 0.07840996235609055
y: 0.7642175555229187
z: -0.018765704706311226
, x: 0.1218050941824913
y: 0.7984591722488403
z: -0.013873660936951637
, x: 0.12642943859100342
y: 0.7454332113265991
z: -0.025029242038726807
, x: 0.1286790519952774
y: 0.7049831748008728
z: -0.034245025366544724
, x: 0.12805281579494476
y: 0.6722680330276489
z: -0.03980289399623871
, x: 0.13119883835315704
y: 0.7985180616378784
z: -0.014090574346482754
, x: 0.13793420791625977
y: 0.7433644533157349
z: -0.024030784144997597
, x: 0.13874857127666473
y: 0.701107382774353
z: -0.032488804310560226
, x: 0.13831615447998047
y: 0.6639615297317505
z: -0.037651773542165756
, x: 0.1349237859249115
y: 0.7984840273857117
z: -0.015037627890706062
, x: 0.1393333375453949
y: 0.7473751306533813
z: -0.02393905259668827
, x: 0.13898710906505585
y: 0.708337664604187
z: -0.029643461108207703
, x: 0.13880860805511475
y: 0.6749777793884277
z: -0.03215745463967323
, x: 0.13295364379882812
y: 0.7998842597007751
z: -0.01687844842672348
, x: 0.13492712378501892
y: 0.7569444179534912
z: -0.023802822455763817
, x: 0.1343356966972351
y: 0.726021945476532
z: -0.026109525933861732
, x: 0.13415437936782837
y: 0.6989438533782959
z: -0.026606090366840363
]",
59,190,"[x: 0.10406242311000824
y: 0.8945932388305664
z: 2.3475222121760453e-07
, x: 0.08541349321603775
y: 0.8668665885925293
z: -0.010454493574798107
, x: 0.0772491991519928
y: 0.8228397965431213
z: -0.014362718909978867
, x: 0.07727216184139252
y: 0.7890281677246094
z: -0.01677546091377735
, x: 0.07840996235609055
y: 0.7642175555229187
z: -0.018765704706311226
, x: 0.1218050941824913
y: 0.7984591722488403
z: -0.013873660936951637
, x: 0.12642943859100342
y: 0.7454332113265991
z: -0.025029242038726807
, x: 0.1286790519952774
y: 0.7049831748008728
z: -0.034245025366544724
, x: 0.12805281579494476
y: 0.6722680330276489
z: -0.03980289399623871
, x: 0.13119883835315704
y: 0.7985180616378784
z: -0.014090574346482754
, x: 0.13793420791625977
y: 0.7433644533157349
z: -0.024030784144997597
, x: 0.13874857127666473
y: 0.701107382774353
z: -0.032488804310560226
, x: 0.13831615447998047
y: 0.6639615297317505
z: -0.037651773542165756
, x: 0.1349237859249115
y: 0.7984840273857117
z: -0.015037627890706062
, x: 0.1393333375453949
y: 0.7473751306533813
z: -0.02393905259668827
, x: 0.13898710906505585
y: 0.708337664604187
z: -0.029643461108207703
, x: 0.13880860805511475
y: 0.6749777793884277
z: -0.03215745463967323
, x: 0.13295364379882812
y: 0.7998842597007751
z: -0.01687844842672348
, x: 0.13492712378501892
y: 0.7569444179534912
z: -0.023802822455763817
, x: 0.1343356966972351
y: 0.726021945476532
z: -0.026109525933861732
, x: 0.13415437936782837
y: 0.6989438533782959
z: -0.026606090366840363
]",
60,193,"[x: 0.10236363857984543
y: 0.903328001499176
z: 2.682791091501713e-07
, x: 0.08290855586528778
y: 0.8718676567077637
z: -0.016739295795559883
, x: 0.07710801064968109
y: 0.8229814171791077
z: -0.02346847765147686
, x: 0.07853905856609344
y: 0.7854538559913635
z: -0.027465688064694405
, x: 0.08062694221735
y: 0.7599289417266846
z: -0.030982330441474915
, x: 0.1247243583202362
y: 0.7959551215171814
z: -0.022540396079421043
, x: 0.1292143315076828
y: 0.7316348552703857
z: -0.038480814546346664
, x: 0.13215351104736328
y: 0.6807584762573242
z: -0.050995342433452606
, x: 0.13371381163597107
y: 0.6411635875701904
z: -0.0582926943898201
, x: 0.1313500702381134
y: 0.7958807945251465
z: -0.020366134122014046
, x: 0.13692237436771393
y: 0.7314831614494324
z: -0.035017792135477066
, x: 0.1371271312236786
y: 0.6803107857704163
z: -0.04639129713177681
, x: 0.1371510773897171
y: 0.6350170969963074
z: -0.053083281964063644
, x: 0.1332446187734604
y: 0.7946984767913818
z: -0.019248951226472855
, x: 0.13653376698493958
y: 0.7364365458488464
z: -0.031763650476932526
, x: 0.13640128076076508
y: 0.6897518634796143
z: -0.039361026138067245
, x: 0.1372309774160385
y: 0.6490171551704407
z: -0.04265084117650986
, x: 0.12996706366539001
y: 0.7950349450111389
z: -0.019551413133740425
, x: 0.13127300143241882
y: 0.7472027540206909
z: -0.02892189659178257
, x: 0.13151754438877106
y: 0.7104334831237793
z: -0.03248468413949013
, x: 0.13236604630947113
y: 0.6779608726501465
z: -0.03363654762506485
]",
61,197,"[x: 0.10191013664007187
y: 0.9044927358627319
z: 2.3461092268917128e-07
, x: 0.08411113172769547
y: 0.8701804280281067
z: -0.011463645845651627
, x: 0.07955056428909302
y: 0.8215301632881165
z: -0.01560527365654707
, x: 0.08109728246927261
y: 0.7854920029640198
z: -0.018488239496946335
, x: 0.08305223286151886
y: 0.7598318457603455
z: -0.020908836275339127
, x: 0.12146146595478058
y: 0.7891080975532532
z: -0.011517968960106373
, x: 0.12636885046958923
y: 0.7257996797561646
z: -0.024373725056648254
, x: 0.12968912720680237
y: 0.6766774654388428
z: -0.03545878455042839
, x: 0.13199135661125183
y: 0.6394274830818176
z: -0.04215607792139053
, x: 0.12686479091644287
y: 0.7885846495628357
z: -0.011520997621119022
, x: 0.13237851858139038
y: 0.7259716391563416
z: -0.022835584357380867
, x: 0.13333916664123535
y: 0.6788449883460999
z: -0.033521197736263275
, x: 0.1341199427843094
y: 0.6366611123085022
z: -0.040107667446136475
, x: 0.12861530482769012
y: 0.7874130010604858
z: -0.012678631581366062
, x: 0.13166558742523193
y: 0.731580376625061
z: -0.02174212411046028
, x: 0.1313081532716751
y: 0.6875802278518677
z: -0.028271356597542763
, x: 0.13209810853004456
y: 0.6480410695075989
z: -0.03158603236079216
, x: 0.1260056346654892
y: 0.7874668836593628
z: -0.01509721577167511
, x: 0.1258799433708191
y: 0.7416149377822876
z: -0.021445952355861664
, x: 0.12507586181163788
y: 0.7084291577339172
z: -0.023669881746172905
, x: 0.12505683302879333
y: 0.6789430975914001
z: -0.024298643693327904
]",
62,214,"[x: 0.10425000637769699
y: 0.8925689458847046
z: 2.3708010132850177e-07
, x: 0.08834265917539597
y: 0.8708088994026184
z: -0.020921051502227783
, x: 0.08326751738786697
y: 0.8289346098899841
z: -0.030196066945791245
, x: 0.08377951383590698
y: 0.79189532995224
z: -0.035761792212724686
, x: 0.08582840859889984
y: 0.7656427621841431
z: -0.04069850221276283
, x: 0.12510599195957184
y: 0.7961224317550659
z: -0.027030495926737785
, x: 0.12573571503162384
y: 0.7370122075080872
z: -0.042257074266672134
, x: 0.12808844447135925
y: 0.6923543810844421
z: -0.05326935648918152
, x: 0.13093316555023193
y: 0.6587640643119812
z: -0.05949278920888901
, x: 0.13170112669467926
y: 0.7932188510894775
z: -0.02217506617307663
, x: 0.13419654965400696
y: 0.7352139949798584
z: -0.03560897707939148
, x: 0.13342981040477753
y: 0.6923654675483704
z: -0.04493829980492592
, x: 0.1328066885471344
y: 0.6552779674530029
z: -0.05035144463181496
, x: 0.1336265504360199
y: 0.7911505699157715
z: -0.01867694780230522
, x: 0.13486778736114502
y: 0.7395110726356506
z: -0.03018270805478096
, x: 0.13394461572170258
y: 0.6990949511528015
z: -0.03585007041692734
, x: 0.13403041660785675
y: 0.6645406484603882
z: -0.03803437948226929
, x: 0.13029059767723083
y: 0.7907715439796448
z: -0.016896525397896767
, x: 0.13077440857887268
y: 0.7473265528678894
z: -0.025867165997624397
, x: 0.13044679164886475
y: 0.71482253074646
z: -0.02875344455242157
, x: 0.1304294764995575
y: 0.6875651478767395
z: -0.02942325547337532
]",
63,215,"[x: 0.10397869348526001
y: 0.8963950276374817
z: 1.1267947996884686e-07
, x: 0.08406346291303635
y: 0.8722681403160095
z: -0.018296485766768456
, x: 0.0762576162815094
y: 0.8287557363510132
z: -0.026001298800110817
, x: 0.07588627934455872
y: 0.7911326885223389
z: -0.03080662153661251
, x: 0.07645604014396667
y: 0.7632860541343689
z: -0.03463282808661461
, x: 0.12166479974985123
y: 0.799147367477417
z: -0.021120285615324974
, x: 0.1271015703678131
y: 0.7437652945518494
z: -0.033836763352155685
, x: 0.12997110188007355
y: 0.7021535634994507
z: -0.04387980327010155
, x: 0.13121220469474792
y: 0.6695936322212219
z: -0.05045467987656593
, x: 0.12998473644256592
y: 0.7954215407371521
z: -0.01829925924539566
, x: 0.1361992061138153
y: 0.7397287487983704
z: -0.031066082417964935
, x: 0.1383744180202484
y: 0.6965728402137756
z: -0.040924206376075745
, x: 0.13998137414455414
y: 0.660323977470398
z: -0.046934496611356735
, x: 0.1335621178150177
y: 0.7939136028289795
z: -0.016868703067302704
, x: 0.13974930346012115
y: 0.742560863494873
z: -0.0287571270018816
, x: 0.14112234115600586
y: 0.7042749524116516
z: -0.03620842471718788
, x: 0.14193736016750336
y: 0.6733735799789429
z: -0.0397326722741127
, x: 0.13255804777145386
y: 0.7946736216545105
z: -0.01689784973859787
, x: 0.13614106178283691
y: 0.7519184350967407
z: -0.027412669733166695
, x: 0.13669520616531372
y: 0.7216720581054688
z: -0.03204292058944702
, x: 0.13681288063526154
y: 0.6978614926338196
z: -0.03366491198539734
]",
64,216,"[x: 0.10333795100450516
y: 0.8977024555206299
z: 1.0559449492575368e-07
, x: 0.08286858350038528
y: 0.8690128922462463
z: -0.014522035606205463
, x: 0.07577703893184662
y: 0.8252450823783875
z: -0.02093309909105301
, x: 0.07682990282773972
y: 0.7896242141723633
z: -0.025240518152713776
, x: 0.07792125642299652
y: 0.7631523609161377
z: -0.0287148579955101
, x: 0.12032758444547653
y: 0.7996520400047302
z: -0.017282793298363686
, x: 0.12676119804382324
y: 0.7432424426078796
z: -0.029268333688378334
, x: 0.12984171509742737
y: 0.7017782926559448
z: -0.03866321220993996
, x: 0.13141180574893951
y: 0.6694679260253906
z: -0.04468925669789314
, x: 0.1296670138835907
y: 0.7977023124694824
z: -0.016159730032086372
, x: 0.1363629251718521
y: 0.7417315244674683
z: -0.0278328824788332
, x: 0.13798856735229492
y: 0.699970006942749
z: -0.03664575517177582
, x: 0.13901633024215698
y: 0.6646707057952881
z: -0.04191480949521065
, x: 0.13438113033771515
y: 0.7974187135696411
z: -0.016255076974630356
, x: 0.1406298279762268
y: 0.7462000846862793
z: -0.027032172307372093
, x: 0.1413058638572693
y: 0.7084668278694153
z: -0.03290978819131851
, x: 0.14167854189872742
y: 0.6774605512619019
z: -0.03537171706557274
, x: 0.13458703458309174
y: 0.7989131212234497
z: -0.017557254061102867
, x: 0.13851067423820496
y: 0.755735456943512
z: -0.026646044105291367
, x: 0.13928717374801636
y: 0.7258005142211914
z: -0.029696227982640266
, x: 0.13959994912147522
y: 0.7016207575798035
z: -0.030275026336312294
]",
