,Frame ID,Timestamp,Hand 1 Landmarks,Hand 2 Landmarks
0,91,2023-07-30T13:45:49.722567,"[x: 0.49467819929122925
y: 0.8583932518959045
z: 6.045767122486723e-07
, x: 0.45188039541244507
y: 0.8543712496757507
z: -0.02762601338326931
, x: 0.417301744222641
y: 0.7950625419616699
z: -0.04189613088965416
, x: 0.4106360077857971
y: 0.7336518168449402
z: -0.052997276186943054
, x: 0.4147200286388397
y: 0.6941362023353577
z: -0.06354367733001709
, x: 0.4259348511695862
y: 0.688913881778717
z: -0.03543541952967644
, x: 0.3997804820537567
y: 0.5992321372032166
z: -0.05628477782011032
, x: 0.3840002715587616
y: 0.5392776727676392
z: -0.06989544630050659
, x: 0.37410250306129456
y: 0.4915558695793152
z: -0.07946109771728516
, x: 0.45735281705856323
y: 0.6690937876701355
z: -0.035865698009729385
, x: 0.4510901868343353
y: 0.5668852925300598
z: -0.055656660348176956
, x: 0.4466472268104553
y: 0.49848777055740356
z: -0.06939227133989334
, x: 0.44398993253707886
y: 0.4409295916557312
z: -0.07805682718753815
, x: 0.4888172149658203
y: 0.6683311462402344
z: -0.03899795934557915
, x: 0.4918755292892456
y: 0.5638996362686157
z: -0.06014508754014969
, x: 0.49359866976737976
y: 0.5050946474075317
z: -0.07243828475475311
, x: 0.49510622024536133
y: 0.4570866823196411
z: -0.07978973537683487
, x: 0.5185561180114746
y: 0.6849094033241272
z: -0.04428085684776306
, x: 0.5341082811355591
y: 0.6131295561790466
z: -0.06639425456523895
, x: 0.5406728386878967
y: 0.5606059432029724
z: -0.07695227861404419
, x: 0.5450111627578735
y: 0.5136144161224365
z: -0.08265868574380875
]",
1,92,2023-07-30T13:45:49.786665,"[x: 0.5053617358207703
y: 0.8687851428985596
z: 4.800926376447023e-07
, x: 0.44984856247901917
y: 0.8509603142738342
z: -0.022164952009916306
, x: 0.41720280051231384
y: 0.7726712822914124
z: -0.029200010001659393
, x: 0.4232310950756073
y: 0.6994627118110657
z: -0.034755609929561615
, x: 0.43660008907318115
y: 0.6502277851104736
z: -0.03998978063464165
, x: 0.42061877250671387
y: 0.6751065850257874
z: -0.014092477969825268
, x: 0.396400511264801
y: 0.5907853245735168
z: -0.02854837104678154
, x: 0.38165536522865295
y: 0.5336743593215942
z: -0.04047607257962227
, x: 0.37206828594207764
y: 0.48682504892349243
z: -0.04979146271944046
, x: 0.4564765691757202
y: 0.6537654995918274
z: -0.016908608376979828
, x: 0.4509744942188263
y: 0.5531927347183228
z: -0.02988482639193535
, x: 0.44737762212753296
y: 0.48511672019958496
z: -0.043195176869630814
, x: 0.4455258846282959
y: 0.43187448382377625
z: -0.05253871530294418
, x: 0.4900408387184143
y: 0.6565166115760803
z: -0.023437004536390305
, x: 0.4971082806587219
y: 0.5590538382530212
z: -0.04008746147155762
, x: 0.4974316656589508
y: 0.4973635673522949
z: -0.055106062442064285
, x: 0.4964947998523712
y: 0.4473893642425537
z: -0.06531748175621033
, x: 0.5200218558311462
y: 0.6751569509506226
z: -0.03188428282737732
, x: 0.5362987518310547
y: 0.6054223775863647
z: -0.049221470952034
, x: 0.5428603291511536
y: 0.5557480454444885
z: -0.0589870922267437
, x: 0.5459957122802734
y: 0.5119364857673645
z: -0.0653463676571846
]",
2,93,2023-07-30T13:45:49.842200,"[x: 0.5185116529464722
y: 0.8779929876327515
z: 3.67063819339819e-07
, x: 0.46311721205711365
y: 0.8479160070419312
z: -0.01743263192474842
, x: 0.43251416087150574
y: 0.7690168619155884
z: -0.021473100408911705
, x: 0.43880441784858704
y: 0.6985490322113037
z: -0.02565591223537922
, x: 0.45348531007766724
y: 0.652178168296814
z: -0.029544318094849586
, x: 0.4354771375656128
y: 0.6723355054855347
z: -0.0009190964628942311
, x: 0.4099009335041046
y: 0.5985955595970154
z: -0.011583767831325531
, x: 0.39378249645233154
y: 0.5504022240638733
z: -0.022034574300050735
, x: 0.3834490478038788
y: 0.5096157789230347
z: -0.030618563294410706
, x: 0.4690651595592499
y: 0.6539972424507141
z: -0.005233584903180599
, x: 0.4631521999835968
y: 0.559661328792572
z: -0.014045093208551407
, x: 0.45746171474456787
y: 0.49700018763542175
z: -0.025240227580070496
, x: 0.4543634057044983
y: 0.44888484477996826
z: -0.033538818359375
, x: 0.5004466772079468
y: 0.6602439880371094
z: -0.013726343400776386
, x: 0.5063007473945618
y: 0.5717446208000183
z: -0.026568345725536346
, x: 0.5045939683914185
y: 0.515451967716217
z: -0.039354052394628525
, x: 0.5015302896499634
y: 0.4691018760204315
z: -0.04857143014669418
, x: 0.5284062027931213
y: 0.6823588609695435
z: -0.024322038516402245
, x: 0.5447684526443481
y: 0.6182821989059448
z: -0.03717353194952011
, x: 0.549443781375885
y: 0.5728650093078613
z: -0.04442838206887245
, x: 0.5509287118911743
y: 0.5321800112724304
z: -0.04976843670010567
]",
3,94,2023-07-30T13:45:49.896164,"[x: 0.516737699508667
y: 0.8769219517707825
z: 4.160286266596813e-07
, x: 0.4611917734146118
y: 0.8457077741622925
z: -0.01877480186522007
, x: 0.42977041006088257
y: 0.7733383178710938
z: -0.024796895682811737
, x: 0.4353746771812439
y: 0.7033596038818359
z: -0.03084043227136135
, x: 0.4456561505794525
y: 0.6550920009613037
z: -0.03627477586269379
, x: 0.4347326457500458
y: 0.6753928065299988
z: -0.003133955644443631
, x: 0.410013884305954
y: 0.5981456637382507
z: -0.015528170391917229
, x: 0.39566218852996826
y: 0.5500709414482117
z: -0.026971982792019844
, x: 0.388006329536438
y: 0.5084670186042786
z: -0.03594977781176567
, x: 0.46673622727394104
y: 0.6553950905799866
z: -0.006320391781628132
, x: 0.46069779992103577
y: 0.5586996674537659
z: -0.015965096652507782
, x: 0.4567117691040039
y: 0.4993019998073578
z: -0.02781105786561966
, x: 0.4553459882736206
y: 0.4503481984138489
z: -0.0368293933570385
, x: 0.4973629117012024
y: 0.6584011912345886
z: -0.013703088276088238
, x: 0.5023236274719238
y: 0.5666555166244507
z: -0.026655353605747223
, x: 0.5030968189239502
y: 0.513983964920044
z: -0.03926882892847061
, x: 0.5032814145088196
y: 0.47125476598739624
z: -0.04859830066561699
, x: 0.5254902243614197
y: 0.677388072013855
z: -0.023370597511529922
, x: 0.5421992540359497
y: 0.6141000390052795
z: -0.036257896572351456
, x: 0.5490538477897644
y: 0.5701950788497925
z: -0.044221773743629456
, x: 0.553478479385376
y: 0.5304110050201416
z: -0.05011853575706482
]",
4,95,2023-07-30T13:45:49.957486,"[x: 0.5382335186004639
y: 0.8803067803382874
z: 2.993137968587689e-07
, x: 0.48210403323173523
y: 0.8510867357254028
z: -0.019453294575214386
, x: 0.45034515857696533
y: 0.774472713470459
z: -0.02321479842066765
, x: 0.4536186456680298
y: 0.7022144198417664
z: -0.026893213391304016
, x: 0.4607742130756378
y: 0.6507449150085449
z: -0.02959272265434265
, x: 0.4505408704280853
y: 0.682722806930542
z: 0.0019400491146370769
, x: 0.4268221855163574
y: 0.6126149892807007
z: -0.008563565090298653
, x: 0.41310641169548035
y: 0.5686718225479126
z: -0.019480857998132706
, x: 0.4030102491378784
y: 0.5306817293167114
z: -0.02836443856358528
, x: 0.4832842946052551
y: 0.6639215350151062
z: -0.000889923598151654
, x: 0.476744145154953
y: 0.5748070478439331
z: -0.009320946410298347
, x: 0.4724941849708557
y: 0.5178030729293823
z: -0.020584475249052048
, x: 0.4698704481124878
y: 0.47302863001823425
z: -0.029142014682292938
, x: 0.5137594938278198
y: 0.6682502627372742
z: -0.008531948551535606
, x: 0.5188426375389099
y: 0.5861984491348267
z: -0.02153138443827629
, x: 0.5178982019424438
y: 0.5340695381164551
z: -0.03424040973186493
, x: 0.5152797102928162
y: 0.48903727531433105
z: -0.04338325932621956
, x: 0.541964054107666
y: 0.6869503259658813
z: -0.01862349547445774
, x: 0.5571218729019165
y: 0.6268070936203003
z: -0.03178532049059868
, x: 0.5623295307159424
y: 0.5842993259429932
z: -0.03963024541735649
, x: 0.5651288032531738
y: 0.5451546311378479
z: -0.04547249898314476
]",
5,96,2023-07-30T13:45:50.014209,"[x: 0.5549085140228271
y: 0.884111762046814
z: 3.2066992616819334e-07
, x: 0.499764084815979
y: 0.8504500389099121
z: -0.016811978071928024
, x: 0.46915119886398315
y: 0.7769266963005066
z: -0.020929323509335518
, x: 0.47307151556015015
y: 0.7054439187049866
z: -0.025169651955366135
, x: 0.477445513010025
y: 0.6512047052383423
z: -0.028829162940382957
, x: 0.4697118401527405
y: 0.6917553544044495
z: 0.0011461061658337712
, x: 0.44614261388778687
y: 0.6205956339836121
z: -0.009778370149433613
, x: 0.43207797408103943
y: 0.5769930481910706
z: -0.020416174083948135
, x: 0.4223507344722748
y: 0.5393309593200684
z: -0.028708050027489662
, x: 0.5016494393348694
y: 0.6731919050216675
z: -0.0024816077202558517
, x: 0.4964424967765808
y: 0.5844560265541077
z: -0.011118699796497822
, x: 0.49148550629615784
y: 0.5286048650741577
z: -0.02232159674167633
, x: 0.48877209424972534
y: 0.4847697913646698
z: -0.030820585787296295
, x: 0.5314335227012634
y: 0.6768074035644531
z: -0.010388429276645184
, x: 0.5388516187667847
y: 0.5936347246170044
z: -0.02327529527246952
, x: 0.5372294783592224
y: 0.5426849126815796
z: -0.035737305879592896
, x: 0.5349747538566589
y: 0.50071120262146
z: -0.044671133160591125
, x: 0.5588082671165466
y: 0.695023238658905
z: -0.020308533683419228
, x: 0.5762782692909241
y: 0.6349399089813232
z: -0.033360693603754044
, x: 0.5819005370140076
y: 0.5926439762115479
z: -0.041052743792533875
, x: 0.5851160287857056
y: 0.5556155443191528
z: -0.04660627990961075
]",
6,97,2023-07-30T13:45:50.079374,"[x: 0.5523950457572937
y: 0.8773602843284607
z: 4.0702960291127965e-07
, x: 0.4977845847606659
y: 0.8479448556900024
z: -0.018143078312277794
, x: 0.46567466855049133
y: 0.773423969745636
z: -0.022361213341355324
, x: 0.4709486663341522
y: 0.7019436955451965
z: -0.02623271383345127
, x: 0.481812447309494
y: 0.6540967226028442
z: -0.02934146113693714
, x: 0.46670523285865784
y: 0.6855570673942566
z: -0.0010811027605086565
, x: 0.4455377757549286
y: 0.6141892671585083
z: -0.011107395403087139
, x: 0.43205857276916504
y: 0.5708673596382141
z: -0.020889926701784134
, x: 0.42294973134994507
y: 0.5333420634269714
z: -0.028574999421834946
, x: 0.49985215067863464
y: 0.6664535403251648
z: -0.00313382176682353
, x: 0.49590960144996643
y: 0.577738881111145
z: -0.009432234801352024
, x: 0.4915768802165985
y: 0.5241743326187134
z: -0.017848331481218338
, x: 0.4890269935131073
y: 0.4825398027896881
z: -0.024299388751387596
, x: 0.5314866304397583
y: 0.6696096658706665
z: -0.00945324543863535
, x: 0.5364968776702881
y: 0.5869752168655396
z: -0.019772619009017944
, x: 0.535732090473175
y: 0.5407142639160156
z: -0.029188543558120728
, x: 0.5342531800270081
y: 0.5037615299224854
z: -0.03607580438256264
, x: 0.5596601366996765
y: 0.687387228012085
z: -0.01812726818025112
, x: 0.5756696462631226
y: 0.6279232501983643
z: -0.029176775366067886
, x: 0.5826200842857361
y: 0.5893822312355042
z: -0.03488805145025253
, x: 0.587721586227417
y: 0.5556755065917969
z: -0.03879255801439285
]",
7,98,2023-07-30T13:45:50.133267,"[x: 0.5665663480758667
y: 0.8941621780395508
z: 3.2591779586255143e-07
, x: 0.5154644846916199
y: 0.8644003868103027
z: -0.014927518554031849
, x: 0.48417192697525024
y: 0.7958582639694214
z: -0.019795048981904984
, x: 0.4876019358634949
y: 0.7298493385314941
z: -0.0251506045460701
, x: 0.4999998211860657
y: 0.6821802854537964
z: -0.030116820707917213
, x: 0.4838339388370514
y: 0.6959167718887329
z: -0.0005326439277268946
, x: 0.46046364307403564
y: 0.6264655590057373
z: -0.011023307219147682
, x: 0.4466823935508728
y: 0.5824254155158997
z: -0.021523505449295044
, x: 0.43740710616111755
y: 0.5455995798110962
z: -0.02989167906343937
, x: 0.5152547955513
y: 0.678105354309082
z: -0.005599345080554485
, x: 0.5074790716171265
y: 0.5899163484573364
z: -0.01368684321641922
, x: 0.5020534992218018
y: 0.5337009429931641
z: -0.02383902482688427
, x: 0.49953025579452515
y: 0.49153363704681396
z: -0.03136814758181572
, x: 0.5457482933998108
y: 0.6831018924713135
z: -0.014412213116884232
, x: 0.5499240159988403
y: 0.6002213954925537
z: -0.026568541303277016
, x: 0.5487648844718933
y: 0.5494546890258789
z: -0.0380951352417469
, x: 0.5471183061599731
y: 0.5081198215484619
z: -0.04638885334134102
, x: 0.5732557773590088
y: 0.7044439911842346
z: -0.02509169839322567
, x: 0.5889736413955688
y: 0.6446479558944702
z: -0.037911877036094666
, x: 0.5958913564682007
y: 0.6037440299987793
z: -0.0445767305791378
, x: 0.6010996103286743
y: 0.5684688091278076
z: -0.049106452614068985
]",
8,99,2023-07-30T13:45:50.189440,"[x: 0.5680984854698181
y: 0.8936511874198914
z: 3.7183022527642606e-07
, x: 0.5119958519935608
y: 0.8624133467674255
z: -0.015112361870706081
, x: 0.48012447357177734
y: 0.7839931845664978
z: -0.017119664698839188
, x: 0.48452380299568176
y: 0.7118775844573975
z: -0.019655251875519753
, x: 0.4922431707382202
y: 0.6628211736679077
z: -0.021512798964977264
, x: 0.4853593707084656
y: 0.6959224939346313
z: 0.00517745828256011
, x: 0.46277761459350586
y: 0.6248823404312134
z: -0.00419412599876523
, x: 0.4483259916305542
y: 0.5810257196426392
z: -0.01402530912309885
, x: 0.4388270974159241
y: 0.5432677268981934
z: -0.021601516753435135
, x: 0.5166289210319519
y: 0.677193284034729
z: 0.0018494426039978862
, x: 0.5098719596862793
y: 0.587872326374054
z: -0.004275152925401926
, x: 0.5045239925384521
y: 0.5322023034095764
z: -0.012996627017855644
, x: 0.5021696090698242
y: 0.48973071575164795
z: -0.01938941329717636
, x: 0.5467239022254944
y: 0.6807267665863037
z: -0.005855018738657236
, x: 0.549878716468811
y: 0.5981893539428711
z: -0.015930529683828354
, x: 0.5482928156852722
y: 0.5496286153793335
z: -0.0258481428027153
, x: 0.5470257997512817
y: 0.5113722085952759
z: -0.032966576516628265
, x: 0.5741981267929077
y: 0.6984768509864807
z: -0.015770798549056053
, x: 0.5902115106582642
y: 0.6381096243858337
z: -0.025867242366075516
, x: 0.5973830223083496
y: 0.5981870889663696
z: -0.03129347041249275
, x: 0.6028494834899902
y: 0.5634177327156067
z: -0.03510314226150513
]",
9,100,2023-07-30T13:45:50.257046,"[x: 0.5772510170936584
y: 0.9055741429328918
z: 3.405650943477667e-07
, x: 0.5235967040061951
y: 0.8745886087417603
z: -0.01536116749048233
, x: 0.492971807718277
y: 0.7998079657554626
z: -0.01838665083050728
, x: 0.49843788146972656
y: 0.7331342101097107
z: -0.02219507098197937
, x: 0.5082178115844727
y: 0.6852788329124451
z: -0.025607794523239136
, x: 0.4923655092716217
y: 0.7047075033187866
z: 0.0038135189097374678
, x: 0.46978867053985596
y: 0.6345494389533997
z: -0.005670690443366766
, x: 0.4557275176048279
y: 0.5899662375450134
z: -0.015451394952833652
, x: 0.4457310140132904
y: 0.5531939268112183
z: -0.02326117642223835
, x: 0.5244717001914978
y: 0.68654865026474
z: -0.0010009753750637174
, x: 0.5182177424430847
y: 0.5970830917358398
z: -0.008091324009001255
, x: 0.5141422748565674
y: 0.5403913259506226
z: -0.017444303259253502
, x: 0.5123500227928162
y: 0.4977913498878479
z: -0.02424456551671028
, x: 0.555597186088562
y: 0.6916568279266357
z: -0.010233265347778797
, x: 0.5593299269676208
y: 0.6071635484695435
z: -0.02212020568549633
, x: 0.5580899715423584
y: 0.5562055110931396
z: -0.03396802023053169
, x: 0.5561754703521729
y: 0.5139336585998535
z: -0.04236684739589691
, x: 0.583526074886322
y: 0.7119300365447998
z: -0.02149910107254982
, x: 0.5996202826499939
y: 0.6500076651573181
z: -0.034213870763778687
, x: 0.6073509454727173
y: 0.6087265014648438
z: -0.041302237659692764
, x: 0.6129632592201233
y: 0.571620762348175
z: -0.04622435197234154
]",
10,101,2023-07-30T13:45:50.327433,"[x: 0.5893762111663818
y: 0.922308087348938
z: 3.361553524428018e-07
, x: 0.532813310623169
y: 0.8892064690589905
z: -0.015199110843241215
, x: 0.49972906708717346
y: 0.8070639371871948
z: -0.01783282868564129
, x: 0.5033116340637207
y: 0.7363553643226624
z: -0.021537678316235542
, x: 0.5143047571182251
y: 0.68510502576828
z: -0.024774804711341858
, x: 0.504108726978302
y: 0.7220296859741211
z: 0.004922966007143259
, x: 0.4815260171890259
y: 0.6472309827804565
z: -0.005881407298147678
, x: 0.4667695164680481
y: 0.600407600402832
z: -0.016396546736359596
, x: 0.45602947473526
y: 0.561042308807373
z: -0.024762049317359924
, x: 0.5343660712242126
y: 0.7030147314071655
z: 1.0826643119798973e-05
, x: 0.5282808542251587
y: 0.6109932661056519
z: -0.009198041632771492
, x: 0.5234614014625549
y: 0.552426815032959
z: -0.0198074821382761
, x: 0.5201117396354675
y: 0.5063555240631104
z: -0.027437593787908554
, x: 0.5631659030914307
y: 0.7057378888130188
z: -0.009449831210076809
, x: 0.56569504737854
y: 0.6198690533638
z: -0.022589199244976044
, x: 0.565613865852356
y: 0.5676771998405457
z: -0.03401601314544678
, x: 0.5646380186080933
y: 0.5247693061828613
z: -0.04191699996590614
, x: 0.5891038775444031
y: 0.7217654585838318
z: -0.021065639331936836
, x: 0.6024845242500305
y: 0.6573455333709717
z: -0.033609386533498764
, x: 0.6090379953384399
y: 0.6140737533569336
z: -0.04020121321082115
, x: 0.6135056018829346
y: 0.575225830078125
z: -0.0449083149433136
]",
11,102,2023-07-30T13:45:50.395820,"[x: 0.5911485552787781
y: 0.9255262613296509
z: 3.938968973216106e-07
, x: 0.5327103734016418
y: 0.8927252292633057
z: -0.01607760600745678
, x: 0.49926626682281494
y: 0.8046792149543762
z: -0.017476079985499382
, x: 0.504911482334137
y: 0.7277840375900269
z: -0.019651325419545174
, x: 0.5170654058456421
y: 0.6763705015182495
z: -0.021258898079395294
, x: 0.5053889751434326
y: 0.7272096872329712
z: 0.005457092542201281
, x: 0.48085421323776245
y: 0.6501390337944031
z: -0.004206249024719
, x: 0.46535032987594604
y: 0.6027352213859558
z: -0.013752254657447338
, x: 0.45589855313301086
y: 0.560279130935669
z: -0.021784385666251183
, x: 0.5351495742797852
y: 0.7074107527732849
z: 0.0016565878177061677
, x: 0.528170645236969
y: 0.6137428879737854
z: -0.0068604955449700356
, x: 0.5232838988304138
y: 0.5541538596153259
z: -0.01744404248893261
, x: 0.521310031414032
y: 0.5046261548995972
z: -0.02529323846101761
, x: 0.5637896060943604
y: 0.7099493145942688
z: -0.006855467800050974
, x: 0.5653142929077148
y: 0.6217160224914551
z: -0.01991037093102932
, x: 0.5651487708091736
y: 0.5693507194519043
z: -0.03218317776918411
, x: 0.565377950668335
y: 0.5260043144226074
z: -0.04083487391471863
, x: 0.5893243551254272
y: 0.7247503995895386
z: -0.01763240434229374
, x: 0.6021576523780823
y: 0.658958911895752
z: -0.03041483834385872
, x: 0.6085926294326782
y: 0.6149223446846008
z: -0.03838083893060684
, x: 0.6138116717338562
y: 0.5742522478103638
z: -0.04442456737160683
]",
12,103,2023-07-30T13:45:50.451446,"[x: 0.5914904475212097
y: 0.9230873584747314
z: 3.4819058214452525e-07
, x: 0.5363132357597351
y: 0.8910391330718994
z: -0.014683377929031849
, x: 0.5031319856643677
y: 0.8062800168991089
z: -0.0163671113550663
, x: 0.5067962408065796
y: 0.7312846183776855
z: -0.019020015373826027
, x: 0.5197111368179321
y: 0.6815296411514282
z: -0.021329373121261597
, x: 0.5086483359336853
y: 0.7227029204368591
z: 0.00565105676651001
, x: 0.4838230609893799
y: 0.6492891311645508
z: -0.004546563606709242
, x: 0.46678978204727173
y: 0.6041927933692932
z: -0.015019595623016357
, x: 0.45497918128967285
y: 0.5634552240371704
z: -0.023846792057156563
, x: 0.5369133353233337
y: 0.7029834985733032
z: 0.0008339359774254262
, x: 0.5285683870315552
y: 0.6102924942970276
z: -0.00813921820372343
, x: 0.522553563117981
y: 0.5522927045822144
z: -0.01967191882431507
, x: 0.5187092423439026
y: 0.5030917525291443
z: -0.02836979739367962
, x: 0.5645359754562378
y: 0.7054489850997925
z: -0.008346958085894585
, x: 0.564863920211792
y: 0.618228554725647
z: -0.020696960389614105
, x: 0.5640621185302734
y: 0.5650448203086853
z: -0.03289429098367691
, x: 0.56267249584198
y: 0.5205309391021729
z: -0.041777417063713074
, x: 0.5895769000053406
y: 0.7205941677093506
z: -0.019691865891218185
, x: 0.597242534160614
y: 0.6540719866752625
z: -0.03057570569217205
, x: 0.5993650555610657
y: 0.6100237965583801
z: -0.037460293620824814
, x: 0.599866509437561
y: 0.5700641870498657
z: -0.04321077838540077
]",
13,104,2023-07-30T13:45:50.515174,"[x: 0.5908597707748413
y: 0.9227864146232605
z: 3.304738811493735e-07
, x: 0.5355629920959473
y: 0.891950249671936
z: -0.014347030781209469
, x: 0.5020607709884644
y: 0.804646909236908
z: -0.014884911477565765
, x: 0.5068174004554749
y: 0.7278046011924744
z: -0.01646224409341812
, x: 0.5210108757019043
y: 0.6792404651641846
z: -0.017660805955529213
, x: 0.5081465840339661
y: 0.722822904586792
z: 0.006961191538721323
, x: 0.48248428106307983
y: 0.6491920948028564
z: -0.0019798099528998137
, x: 0.4654553234577179
y: 0.6040571928024292
z: -0.011459043249487877
, x: 0.4543997645378113
y: 0.5638858079910278
z: -0.019624482840299606
, x: 0.5365397930145264
y: 0.7025852799415588
z: 0.002313567092642188
, x: 0.5275841355323792
y: 0.6104269623756409
z: -0.005698797758668661
, x: 0.5209231972694397
y: 0.5523824691772461
z: -0.016517696902155876
, x: 0.5171598196029663
y: 0.5037335157394409
z: -0.02467081882059574
, x: 0.5642619729042053
y: 0.7046197056770325
z: -0.0067632985301315784
, x: 0.564400315284729
y: 0.6176937818527222
z: -0.01843583770096302
, x: 0.5632799863815308
y: 0.5640077590942383
z: -0.03072850964963436
, x: 0.5622420310974121
y: 0.5193777084350586
z: -0.03974553942680359
, x: 0.5893732309341431
y: 0.7190240025520325
z: -0.018009522929787636
, x: 0.5977310538291931
y: 0.6520624160766602
z: -0.028606612235307693
, x: 0.5999586582183838
y: 0.6075621843338013
z: -0.035770297050476074
, x: 0.6008938550949097
y: 0.5673046708106995
z: -0.041782196611166
]",
14,105,2023-07-30T13:45:50.580803,"[x: 0.5885055065155029
y: 0.9186735153198242
z: 2.904607470100018e-07
, x: 0.5382354855537415
y: 0.8798863291740417
z: -0.013189122080802917
, x: 0.5068429112434387
y: 0.800413966178894
z: -0.01622818410396576
, x: 0.5069626569747925
y: 0.7316617369651794
z: -0.020718621090054512
, x: 0.5171622037887573
y: 0.6830002665519714
z: -0.025157423689961433
, x: 0.5138178467750549
y: 0.7209938764572144
z: 0.005311503075063229
, x: 0.4907463788986206
y: 0.6496881246566772
z: -0.0070457737892866135
, x: 0.4726387560367584
y: 0.6070841550827026
z: -0.019591012969613075
, x: 0.45900359749794006
y: 0.5698935389518738
z: -0.029368380084633827
, x: 0.5388591885566711
y: 0.702728807926178
z: -0.0006967943045310676
, x: 0.5304391980171204
y: 0.6105513572692871
z: -0.011793738231062889
, x: 0.5222761631011963
y: 0.5526201725006104
z: -0.025044096633791924
, x: 0.5160151720046997
y: 0.5036911368370056
z: -0.03483257070183754
, x: 0.5638437271118164
y: 0.7044929265975952
z: -0.010876274667680264
, x: 0.5640934109687805
y: 0.6155425906181335
z: -0.02439892292022705
, x: 0.5596617460250854
y: 0.5593076944351196
z: -0.03774124011397362
, x: 0.5551211833953857
y: 0.513484001159668
z: -0.04718095064163208
, x: 0.5865220427513123
y: 0.7187721133232117
z: -0.022943848744034767
, x: 0.5908645987510681
y: 0.6504406332969666
z: -0.0343189612030983
, x: 0.5894585847854614
y: 0.603460431098938
z: -0.041461966931819916
, x: 0.5866133570671082
y: 0.5625408887863159
z: -0.04727572202682495
]",
15,106,2023-07-30T13:45:50.637004,"[x: 0.5872113108634949
y: 0.9158917665481567
z: 2.893751798183075e-07
, x: 0.5372025370597839
y: 0.8782932758331299
z: -0.014309183694422245
, x: 0.5060440897941589
y: 0.7993952035903931
z: -0.01747799478471279
, x: 0.508457601070404
y: 0.729724109172821
z: -0.02191605046391487
, x: 0.5214524865150452
y: 0.6812164187431335
z: -0.02604319155216217
, x: 0.5112726092338562
y: 0.7206004858016968
z: 0.006045886315405369
, x: 0.4894774556159973
y: 0.6508476734161377
z: -0.006002475041896105
, x: 0.472110390663147
y: 0.6081702709197998
z: -0.018426910042762756
, x: 0.4588339626789093
y: 0.5712723135948181
z: -0.028188761323690414
, x: 0.5374273657798767
y: 0.7012858986854553
z: 0.0006651702569797635
, x: 0.5301933288574219
y: 0.6112621426582336
z: -0.00988036673516035
, x: 0.5223149061203003
y: 0.553799033164978
z: -0.022595468908548355
, x: 0.5162122845649719
y: 0.505413293838501
z: -0.032038960605859756
, x: 0.5633004903793335
y: 0.7025052309036255
z: -0.009173138998448849
, x: 0.5636539459228516
y: 0.6148225665092468
z: -0.022360945120453835
, x: 0.5592408180236816
y: 0.5588563084602356
z: -0.03553089499473572
, x: 0.5548372864723206
y: 0.5127021074295044
z: -0.044877275824546814
, x: 0.5865799784660339
y: 0.716240406036377
z: -0.02107006125152111
, x: 0.5909023880958557
y: 0.648771345615387
z: -0.03258529305458069
, x: 0.5893433690071106
y: 0.6020792722702026
z: -0.04002603515982628
, x: 0.5866103172302246
y: 0.561014711856842
z: -0.045991450548172
]",
16,107,2023-07-30T13:45:50.692005,"[x: 0.5914871096611023
y: 0.9083829522132874
z: -2.6383791151829428e-08
, x: 0.5394333004951477
y: 0.8611835241317749
z: -0.006460780277848244
, x: 0.5094556212425232
y: 0.783441960811615
z: -0.007714064791798592
, x: 0.5090952515602112
y: 0.7149093151092529
z: -0.014570041559636593
, x: 0.5166530013084412
y: 0.6601093411445618
z: -0.020836923271417618
, x: 0.5194754004478455
y: 0.7121478319168091
z: 0.02190699242055416
, x: 0.5040414929389954
y: 0.644192636013031
z: 0.0071595716290175915
, x: 0.4837804436683655
y: 0.610724151134491
z: -0.006030875723809004
, x: 0.4686732292175293
y: 0.5857785940170288
z: -0.014443664811551571
, x: 0.5433142185211182
y: 0.7019025087356567
z: 0.011612785048782825
, x: 0.5422475934028625
y: 0.6018685102462769
z: -0.013337618671357632
, x: 0.5244287848472595
y: 0.6099405288696289
z: -0.02793986350297928
, x: 0.5169847011566162
y: 0.641373336315155
z: -0.02984035573899746
, x: 0.5669978260993958
y: 0.704751193523407
z: -0.002577743725851178
, x: 0.5630961060523987
y: 0.615350067615509
z: -0.027770208194851875
, x: 0.5441327691078186
y: 0.6494619846343994
z: -0.03392821550369263
, x: 0.5422688126564026
y: 0.6953537464141846
z: -0.029159288853406906
, x: 0.5907039642333984
y: 0.7187305092811584
z: -0.01810448430478573
, x: 0.579285204410553
y: 0.6514776349067688
z: -0.032314080744981766
, x: 0.563926637172699
y: 0.6729952692985535
z: -0.031663838773965836
, x: 0.5630549192428589
y: 0.7119389772415161
z: -0.0266772098839283
]",
17,108,2023-07-30T13:45:50.759067,"[x: 0.5947139859199524
y: 0.9057673215866089
z: -1.9675356099924102e-07
, x: 0.5420539975166321
y: 0.8517699837684631
z: -0.0024776787031441927
, x: 0.5114810466766357
y: 0.7709325551986694
z: -0.0012149757239967585
, x: 0.4976465702056885
y: 0.7071229219436646
z: -0.005576665047556162
, x: 0.484401673078537
y: 0.6553596258163452
z: -0.008823104202747345
, x: 0.5216180682182312
y: 0.7078800797462463
z: 0.029553862288594246
, x: 0.507001519203186
y: 0.6449604630470276
z: 0.012296912260353565
, x: 0.48678889870643616
y: 0.6333485841751099
z: -0.004165578167885542
, x: 0.4719490706920624
y: 0.6415240168571472
z: -0.012899952009320259
, x: 0.5466156601905823
y: 0.7002686262130737
z: 0.01856350339949131
, x: 0.5359917879104614
y: 0.6216261982917786
z: -3.8513870094902813e-05
, x: 0.5141353011131287
y: 0.6285363435745239
z: -0.013810147531330585
, x: 0.5013465285301208
y: 0.6550645232200623
z: -0.018539909273386
, x: 0.5746592283248901
y: 0.7062546610832214
z: 0.002900100778788328
, x: 0.5635234117507935
y: 0.6276618242263794
z: -0.0172540582716465
, x: 0.5500428080558777
y: 0.6579994559288025
z: -0.020892465487122536
, x: 0.5506047606468201
y: 0.6965575218200684
z: -0.018258901312947273
, x: 0.6035440564155579
y: 0.7237775325775146
z: -0.013912998139858246
, x: 0.5837118625640869
y: 0.6767357587814331
z: -0.02636716142296791
, x: 0.575506329536438
y: 0.7015185952186584
z: -0.023880494758486748
, x: 0.5826003551483154
y: 0.7301409840583801
z: -0.019223755225539207
]",
18,109,2023-07-30T13:45:50.829023,"[x: 0.5914713740348816
y: 0.8996112942695618
z: -1.3848398339177947e-07
, x: 0.5428500175476074
y: 0.8525553941726685
z: -0.00395530229434371
, x: 0.5133991241455078
y: 0.7809019684791565
z: -0.0029420366045087576
, x: 0.5013838410377502
y: 0.7186506390571594
z: -0.006573160644620657
, x: 0.49096882343292236
y: 0.6663227081298828
z: -0.009105488657951355
, x: 0.5196446776390076
y: 0.711868166923523
z: 0.027543988078832626
, x: 0.5062692761421204
y: 0.6498353481292725
z: 0.013686563819646835
, x: 0.4870834946632385
y: 0.6384379863739014
z: -0.0003397976397536695
, x: 0.4727500081062317
y: 0.6424866914749146
z: -0.008087009191513062
, x: 0.5442222952842712
y: 0.7023701667785645
z: 0.018889984115958214
, x: 0.5330897569656372
y: 0.6252002716064453
z: 0.004397696815431118
, x: 0.5136628150939941
y: 0.6274019479751587
z: -0.007960358634591103
, x: 0.5032816529273987
y: 0.6479155421257019
z: -0.0129935871809721
, x: 0.5716418027877808
y: 0.7052547335624695
z: 0.005910810083150864
, x: 0.5613178014755249
y: 0.6265033483505249
z: -0.011982761323451996
, x: 0.5473073720932007
y: 0.654336154460907
z: -0.016905536875128746
, x: 0.5468830466270447
y: 0.692560613155365
z: -0.01591174304485321
, x: 0.600634753704071
y: 0.7184463739395142
z: -0.008122998289763927
, x: 0.581199586391449
y: 0.670083224773407
z: -0.021022779867053032
, x: 0.5722365975379944
y: 0.6966260671615601
z: -0.020222831517457962
, x: 0.5783734917640686
y: 0.7286401987075806
z: -0.01687583141028881
]",
19,110,2023-07-30T13:45:50.894644,"[x: 0.5876473784446716
y: 0.8818657398223877
z: -3.9758484149388096e-07
, x: 0.5369290113449097
y: 0.8318600654602051
z: -0.001548824249766767
, x: 0.505927562713623
y: 0.7721965909004211
z: -0.003282545367255807
, x: 0.48883965611457825
y: 0.7174426317214966
z: -0.010970712639391422
, x: 0.47980549931526184
y: 0.6686826348304749
z: -0.01735779456794262
, x: 0.5226404666900635
y: 0.7073923945426941
z: 0.023742228746414185
, x: 0.509037971496582
y: 0.6473668813705444
z: 0.0020793816074728966
, x: 0.4983130097389221
y: 0.6743789911270142
z: -0.014794864691793919
, x: 0.499526709318161
y: 0.7097089886665344
z: -0.022304914891719818
, x: 0.5462625026702881
y: 0.7006939649581909
z: 0.012798083014786243
, x: 0.5306146740913391
y: 0.623665452003479
z: -0.010476904921233654
, x: 0.5188367962837219
y: 0.6636669039726257
z: -0.022696014493703842
, x: 0.5222619771957397
y: 0.70819491147995
z: -0.023786628618836403
, x: 0.5738347172737122
y: 0.702749490737915
z: -0.002461978467181325
, x: 0.5612081289291382
y: 0.6293509006500244
z: -0.02410309948027134
, x: 0.5510187745094299
y: 0.6715751886367798
z: -0.024520723149180412
, x: 0.5557608008384705
y: 0.7136070728302002
z: -0.017685076221823692
, x: 0.6047435998916626
y: 0.7141410708427429
z: -0.018610915169119835
, x: 0.5887407660484314
y: 0.6628080010414124
z: -0.029863879084587097
, x: 0.5788013339042664
y: 0.6929566264152527
z: -0.024825869128108025
, x: 0.582543134689331
y: 0.7257421612739563
z: -0.0171967726200819
]",
20,111,2023-07-30T13:45:50.967893,"[x: 0.5844709277153015
y: 0.866156816482544
z: -4.119972061289445e-07
, x: 0.5337756276130676
y: 0.8146055936813354
z: -0.0020565586164593697
, x: 0.504424512386322
y: 0.7546654939651489
z: -0.004822204355150461
, x: 0.4920254349708557
y: 0.6991735696792603
z: -0.013562425039708614
, x: 0.4894489645957947
y: 0.6483604311943054
z: -0.021244799718260765
, x: 0.5233485698699951
y: 0.6972481608390808
z: 0.023821260780096054
, x: 0.505311131477356
y: 0.6449921131134033
z: 0.0012514668051153421
, x: 0.4970475733280182
y: 0.6720394492149353
z: -0.016719724982976913
, x: 0.5005755424499512
y: 0.7039731740951538
z: -0.025134656578302383
, x: 0.5470150113105774
y: 0.6888362169265747
z: 0.013280815444886684
, x: 0.5293967723846436
y: 0.6191844344139099
z: -0.011948018334805965
, x: 0.521942675113678
y: 0.6677703261375427
z: -0.024708321318030357
, x: 0.5294536352157593
y: 0.7140130996704102
z: -0.02552533522248268
, x: 0.5754256844520569
y: 0.6892092823982239
z: -0.0015715038171038032
, x: 0.5592981576919556
y: 0.6139832735061646
z: -0.024712862446904182
, x: 0.551439106464386
y: 0.6612304449081421
z: -0.023672083392739296
, x: 0.559194803237915
y: 0.7068579792976379
z: -0.015079780481755733
, x: 0.606747567653656
y: 0.7001187205314636
z: -0.01729469932615757
, x: 0.5868126153945923
y: 0.65235435962677
z: -0.030376164242625237
, x: 0.5777791142463684
y: 0.6833216547966003
z: -0.025182953104376793
, x: 0.5835334062576294
y: 0.7159574031829834
z: -0.01663237065076828
]",
21,112,2023-07-30T13:45:51.035851,"[x: 0.5813688635826111
y: 0.8606676459312439
z: -4.1846175236059935e-07
, x: 0.5329127311706543
y: 0.8144532442092896
z: -0.0036460543051362038
, x: 0.5028004050254822
y: 0.7514281868934631
z: -0.005698693450540304
, x: 0.49003279209136963
y: 0.6938682794570923
z: -0.01281419862061739
, x: 0.4833926856517792
y: 0.643282413482666
z: -0.018568744882941246
, x: 0.5236304402351379
y: 0.6979478597640991
z: 0.019531993195414543
, x: 0.5100296139717102
y: 0.6441057324409485
z: -0.0033223654609173536
, x: 0.5039223432540894
y: 0.6763888597488403
z: -0.020792648196220398
, x: 0.5079969763755798
y: 0.7139279246330261
z: -0.02868756093084812
, x: 0.5468823909759521
y: 0.6898717880249023
z: 0.009717029519379139
, x: 0.532398521900177
y: 0.616652250289917
z: -0.014590978622436523
, x: 0.5231537818908691
y: 0.6631693840026855
z: -0.026143115013837814
, x: 0.5284165143966675
y: 0.7091227173805237
z: -0.02644031122326851
, x: 0.5748093724250793
y: 0.6912261247634888
z: -0.004358572419732809
, x: 0.562401533126831
y: 0.6148456335067749
z: -0.02669091336429119
, x: 0.5540919899940491
y: 0.6601643562316895
z: -0.02486780285835266
, x: 0.5600671172142029
y: 0.7026418447494507
z: -0.01630263403058052
, x: 0.6055053472518921
y: 0.7030115723609924
z: -0.019429029896855354
, x: 0.5905439257621765
y: 0.6547980308532715
z: -0.03222721815109253
, x: 0.5821481347084045
y: 0.6831945776939392
z: -0.02663663774728775
, x: 0.5868223905563354
y: 0.7120710611343384
z: -0.018195824697613716
]",
22,113,2023-07-30T13:45:51.103956,"[x: 0.5815324187278748
y: 0.853036105632782
z: -4.256872614405438e-07
, x: 0.5332670211791992
y: 0.8057336211204529
z: -0.004368079360574484
, x: 0.5035116672515869
y: 0.7497389316558838
z: -0.0080793472006917
, x: 0.49024873971939087
y: 0.6947280764579773
z: -0.017137350514531136
, x: 0.49083754420280457
y: 0.6434873342514038
z: -0.02470364421606064
, x: 0.5248054265975952
y: 0.693919837474823
z: 0.022236639633774757
, x: 0.5106117725372314
y: 0.6437100768089294
z: -0.0009110483806580305
, x: 0.5063424110412598
y: 0.6785896420478821
z: -0.01894507184624672
, x: 0.5134556889533997
y: 0.7146444320678711
z: -0.0273582860827446
, x: 0.5471959710121155
y: 0.6850602030754089
z: 0.012987159192562103
, x: 0.5329465866088867
y: 0.6155376434326172
z: -0.011822608299553394
, x: 0.5264593362808228
y: 0.663902223110199
z: -0.024180322885513306
, x: 0.5345100164413452
y: 0.7073979377746582
z: -0.024840088561177254
, x: 0.5746961236000061
y: 0.684938371181488
z: -0.0007853531278669834
, x: 0.5605071187019348
y: 0.6124416589736938
z: -0.02400408498942852
, x: 0.553674042224884
y: 0.6603546142578125
z: -0.022326139733195305
, x: 0.5614712238311768
y: 0.7024624943733215
z: -0.01322939619421959
, x: 0.6058180332183838
y: 0.6951004266738892
z: -0.015586234629154205
, x: 0.5875886678695679
y: 0.6478436589241028
z: -0.028523383662104607
, x: 0.5791556239128113
y: 0.6786360144615173
z: -0.022762853652238846
, x: 0.584621012210846
y: 0.7089412212371826
z: -0.01381302997469902
]",
23,114,2023-07-30T13:45:51.158214,"[x: 0.5821498036384583
y: 0.8469893336296082
z: -4.4504366769615444e-07
, x: 0.5328848958015442
y: 0.7995243668556213
z: -0.004027538001537323
, x: 0.5038119554519653
y: 0.7422016263008118
z: -0.007624226156622171
, x: 0.49322912096977234
y: 0.6870092749595642
z: -0.016481926664710045
, x: 0.49696919322013855
y: 0.6371503472328186
z: -0.023740386590361595
, x: 0.5275793671607971
y: 0.6894016861915588
z: 0.021481653675436974
, x: 0.5135995149612427
y: 0.6395614743232727
z: -0.001314320252276957
, x: 0.5079944729804993
y: 0.6784695982933044
z: -0.018723003566265106
, x: 0.5146992206573486
y: 0.7165214419364929
z: -0.026733646169304848
, x: 0.5492513179779053
y: 0.6814733743667603
z: 0.012434282340109348
, x: 0.5344664454460144
y: 0.6149970293045044
z: -0.011844649910926819
, x: 0.5273938179016113
y: 0.6652454137802124
z: -0.023153696209192276
, x: 0.5358025431632996
y: 0.7079312205314636
z: -0.023200102150440216
, x: 0.5761881470680237
y: 0.6815596222877502
z: -0.0010601499816402793
, x: 0.5613157153129578
y: 0.6101481318473816
z: -0.023776771500706673
, x: 0.5539326071739197
y: 0.6590979099273682
z: -0.02123137377202511
, x: 0.561975359916687
y: 0.7010917663574219
z: -0.011698543094098568
, x: 0.6068307161331177
y: 0.6913525462150574
z: -0.015559869818389416
, x: 0.5893835425376892
y: 0.6442002058029175
z: -0.028509782627224922
, x: 0.5801209211349487
y: 0.6769154071807861
z: -0.02247343771159649
, x: 0.5849947333335876
y: 0.7086178660392761
z: -0.013263176195323467
]",
24,115,2023-07-30T13:45:51.215677,"[x: 0.5811927914619446
y: 0.8452730774879456
z: -4.4249389929973404e-07
, x: 0.5338130593299866
y: 0.799449622631073
z: -0.0036793341860175133
, x: 0.504847526550293
y: 0.741537868976593
z: -0.006569400895386934
, x: 0.4934754967689514
y: 0.688398003578186
z: -0.01460928563028574
, x: 0.4951510429382324
y: 0.639531135559082
z: -0.02103337273001671
, x: 0.5279186964035034
y: 0.6880534887313843
z: 0.021640833467245102
, x: 0.515021026134491
y: 0.6386162638664246
z: -0.0016132175223901868
, x: 0.5093923211097717
y: 0.6770310997962952
z: -0.0192373339086771
, x: 0.5153758525848389
y: 0.7163190841674805
z: -0.027091985568404198
, x: 0.5495801568031311
y: 0.6807254552841187
z: 0.012491288594901562
, x: 0.5358979105949402
y: 0.6127959489822388
z: -0.012512749992311
, x: 0.5279011726379395
y: 0.6618383526802063
z: -0.02427789382636547
, x: 0.5347336530685425
y: 0.7054334878921509
z: -0.02413400262594223
, x: 0.5763539671897888
y: 0.6811468005180359
z: -0.001056172652170062
, x: 0.5623567700386047
y: 0.6111146211624146
z: -0.023880502209067345
, x: 0.5553657412528992
y: 0.659454882144928
z: -0.021804828196763992
, x: 0.5627378821372986
y: 0.6999353170394897
z: -0.012392044067382812
, x: 0.606633722782135
y: 0.6913247108459473
z: -0.01556138414889574
, x: 0.5891334414482117
y: 0.6459022760391235
z: -0.028508560732007027
, x: 0.5815727114677429
y: 0.6779143214225769
z: -0.022744910791516304
, x: 0.5874075889587402
y: 0.7070764899253845
z: -0.013637563213706017
]",
25,116,2023-07-30T13:45:51.285131,"[x: 0.5870793461799622
y: 0.8346495628356934
z: -4.164357960689813e-07
, x: 0.5384148359298706
y: 0.7677733898162842
z: -0.001312129432335496
, x: 0.5237528681755066
y: 0.6960538625717163
z: -0.008086237125098705
, x: 0.5228960514068604
y: 0.6419617533683777
z: -0.018057361245155334
, x: 0.5356346368789673
y: 0.6046262979507446
z: -0.026692047715187073
, x: 0.5976330041885376
y: 0.6398294568061829
z: -0.0002289116382598877
, x: 0.5631536245346069
y: 0.5841053128242493
z: -0.02108546532690525
, x: 0.5301090478897095
y: 0.601837158203125
z: -0.034103572368621826
, x: 0.5192009210586548
y: 0.6280979514122009
z: -0.04094228520989418
, x: 0.6131284236907959
y: 0.6498103141784668
z: -0.009122549556195736
, x: 0.5591915249824524
y: 0.6115842461585999
z: -0.028919735923409462
, x: 0.5374969244003296
y: 0.6576754450798035
z: -0.033485472202301025
, x: 0.5463439226150513
y: 0.6860191226005554
z: -0.033428214490413666
, x: 0.6174165606498718
y: 0.6705983877182007
z: -0.020296892151236534
, x: 0.5600772500038147
y: 0.6463698148727417
z: -0.03870357945561409
, x: 0.5435673594474792
y: 0.6878028512001038
z: -0.032540977001190186
, x: 0.5546501278877258
y: 0.7098056674003601
z: -0.025065606459975243
, x: 0.6110632419586182
y: 0.6982136964797974
z: -0.03218177706003189
, x: 0.5632954239845276
y: 0.6885635852813721
z: -0.04337827488780022
, x: 0.5495891571044922
y: 0.7198721766471863
z: -0.03764300048351288
, x: 0.5568708181381226
y: 0.738519012928009
z: -0.031056080013513565
]",
26,117,2023-07-30T13:45:51.382402,"[x: 0.6309061646461487
y: 0.8271023631095886
z: -2.1594654242562683e-07
, x: 0.6356493830680847
y: 0.7428752779960632
z: 0.00948425568640232
, x: 0.6129612326622009
y: 0.6709545254707336
z: 0.00024578769807703793
, x: 0.5761134028434753
y: 0.6356245875358582
z: -0.011820007115602493
, x: 0.5435736179351807
y: 0.6263740658760071
z: -0.02609200030565262
, x: 0.6232689619064331
y: 0.6429985761642456
z: -0.028626859188079834
, x: 0.5745566487312317
y: 0.5717002749443054
z: -0.04597153142094612
, x: 0.5446423292160034
y: 0.5342381000518799
z: -0.055216312408447266
, x: 0.52158522605896
y: 0.5041910409927368
z: -0.06337147206068039
, x: 0.6055548787117004
y: 0.6712874174118042
z: -0.04303186386823654
, x: 0.52849280834198
y: 0.628271758556366
z: -0.06005513668060303
, x: 0.5329246520996094
y: 0.6632030010223389
z: -0.05698053538799286
, x: 0.5529482364654541
y: 0.6806173920631409
z: -0.0567464716732502
, x: 0.5807515978813171
y: 0.7081612944602966
z: -0.05565159022808075
, x: 0.5127248764038086
y: 0.676799476146698
z: -0.06813143193721771
, x: 0.5198302865028381
y: 0.7024926543235779
z: -0.05785979703068733
, x: 0.5374180674552917
y: 0.7153127193450928
z: -0.052860382944345474
, x: 0.5538791418075562
y: 0.7470594644546509
z: -0.06743481010198593
, x: 0.5023629069328308
y: 0.7066971063613892
z: -0.07893399894237518
, x: 0.4854113757610321
y: 0.6934778094291687
z: -0.07651032507419586
, x: 0.47401729226112366
y: 0.6795873045921326
z: -0.07556644827127457
]",
27,118,2023-07-30T13:45:51.445679,"[x: 0.6323395371437073
y: 0.8234860897064209
z: -2.4720668534428114e-07
, x: 0.6340385675430298
y: 0.7464500069618225
z: 0.006557186599820852
, x: 0.6096116304397583
y: 0.6743229627609253
z: 0.000341181643307209
, x: 0.571858286857605
y: 0.6309851408004761
z: -0.0069229681976139545
, x: 0.5428124666213989
y: 0.6116255521774292
z: -0.016140300780534744
, x: 0.6213270425796509
y: 0.6374363303184509
z: -0.028343137353658676
, x: 0.5750986337661743
y: 0.5724170804023743
z: -0.04440348967909813
, x: 0.5479121208190918
y: 0.533772885799408
z: -0.05114293098449707
, x: 0.5261598229408264
y: 0.5030807852745056
z: -0.05585447698831558
, x: 0.6041373014450073
y: 0.6670833826065063
z: -0.03910915553569794
, x: 0.5324110984802246
y: 0.6308701634407043
z: -0.057742051780223846
, x: 0.5321021676063538
y: 0.6621503829956055
z: -0.055223673582077026
, x: 0.5467767119407654
y: 0.6787108182907104
z: -0.052342820912599564
, x: 0.5816013813018799
y: 0.7073699831962585
z: -0.04780663922429085
, x: 0.5186536312103271
y: 0.6845703721046448
z: -0.06447157263755798
, x: 0.5217676162719727
y: 0.7090033292770386
z: -0.055410925298929214
, x: 0.5371206998825073
y: 0.7229857444763184
z: -0.04746770113706589
, x: 0.5566239356994629
y: 0.7477675080299377
z: -0.05509498342871666
, x: 0.507537841796875
y: 0.706560492515564
z: -0.0664171352982521
, x: 0.48269569873809814
y: 0.6878246068954468
z: -0.06381569802761078
, x: 0.4647310674190521
y: 0.6695628762245178
z: -0.06126151233911514
]",
28,119,2023-07-30T13:45:51.500513,"[x: 0.6640193462371826
y: 0.8278663158416748
z: -2.732651012138376e-07
, x: 0.6610323190689087
y: 0.7506492137908936
z: 0.006805616896599531
, x: 0.63139808177948
y: 0.6791543364524841
z: 0.0023426853585988283
, x: 0.5936771631240845
y: 0.635457456111908
z: -0.002386000705882907
, x: 0.5624988675117493
y: 0.6137704849243164
z: -0.008869647979736328
, x: 0.6269057989120483
y: 0.6433461308479309
z: -0.03351355344057083
, x: 0.5764731764793396
y: 0.57607501745224
z: -0.050383660942316055
, x: 0.5455178618431091
y: 0.5329728126525879
z: -0.057096533477306366
, x: 0.5198952555656433
y: 0.5023605823516846
z: -0.062023308128118515
, x: 0.6062728762626648
y: 0.6777892708778381
z: -0.04333517700433731
, x: 0.529597818851471
y: 0.6467856168746948
z: -0.06151866540312767
, x: 0.5388308763504028
y: 0.6798267364501953
z: -0.05620066821575165
, x: 0.5601499676704407
y: 0.6943368315696716
z: -0.051611561328172684
, x: 0.585231363773346
y: 0.7237026691436768
z: -0.0507870651781559
, x: 0.5203371644020081
y: 0.7066759467124939
z: -0.06721069663763046
, x: 0.5320629477500916
y: 0.7320841550827026
z: -0.0560440868139267
, x: 0.5518233180046082
y: 0.7426115870475769
z: -0.04747596010565758
, x: 0.5646243095397949
y: 0.7701016068458557
z: -0.05675829201936722
, x: 0.5102534890174866
y: 0.7349430322647095
z: -0.07105062901973724
, x: 0.4815804958343506
y: 0.7180813550949097
z: -0.06962902098894119
, x: 0.4583060145378113
y: 0.6987913846969604
z: -0.0677369013428688
]",
29,120,2023-07-30T13:45:51.560202,"[x: 0.6632568836212158
y: 0.8328307867050171
z: -1.8426617032218928e-07
, x: 0.6611723899841309
y: 0.7528046369552612
z: 0.008306355215609074
, x: 0.6312066912651062
y: 0.685232400894165
z: 0.006600049789994955
, x: 0.5893985033035278
y: 0.6517562866210938
z: 0.004186292178928852
, x: 0.5550159811973572
y: 0.6434444189071655
z: -3.4114938898710534e-05
, x: 0.6239748001098633
y: 0.6457523703575134
z: -0.024546930566430092
, x: 0.574587881565094
y: 0.5776304006576538
z: -0.03819894790649414
, x: 0.5449425578117371
y: 0.5348609685897827
z: -0.04262175410985947
, x: 0.5212838053703308
y: 0.5028742551803589
z: -0.04561854526400566
, x: 0.6008157134056091
y: 0.6795330047607422
z: -0.03389912098646164
, x: 0.5312440991401672
y: 0.6473990678787231
z: -0.05177207663655281
, x: 0.5428510904312134
y: 0.6770445704460144
z: -0.04782016947865486
, x: 0.5639320611953735
y: 0.693701982498169
z: -0.04240266606211662
, x: 0.5798981785774231
y: 0.7244982123374939
z: -0.0407819002866745
, x: 0.5204024314880371
y: 0.7040926218032837
z: -0.05569789931178093
, x: 0.5332458019256592
y: 0.7254728078842163
z: -0.04490645229816437
, x: 0.5522708892822266
y: 0.7358818650245667
z: -0.03535515069961548
, x: 0.5614339709281921
y: 0.7687225937843323
z: -0.04617151990532875
, x: 0.5110902786254883
y: 0.7337253093719482
z: -0.057528749108314514
, x: 0.48461297154426575
y: 0.719019889831543
z: -0.05491200089454651
, x: 0.4620607793331146
y: 0.7042537927627563
z: -0.05169358476996422
]",
30,121,2023-07-30T13:45:51.626972,"[x: 0.677593469619751
y: 0.8418429493904114
z: -2.3021853223781363e-07
, x: 0.6754286289215088
y: 0.7612053155899048
z: 0.007329943589866161
, x: 0.6417627334594727
y: 0.6936407685279846
z: 0.004320574924349785
, x: 0.5947518944740295
y: 0.6643320322036743
z: 0.0008299741894006729
, x: 0.5566400289535522
y: 0.6611676216125488
z: -0.004392621573060751
, x: 0.6350556015968323
y: 0.6544903516769409
z: -0.02942304126918316
, x: 0.5819578170776367
y: 0.5848566293716431
z: -0.04565700143575668
, x: 0.5509226322174072
y: 0.5400129556655884
z: -0.052109356969594955
, x: 0.5264416933059692
y: 0.5056672096252441
z: -0.05742243304848671
, x: 0.613484799861908
y: 0.6873931288719177
z: -0.03817853704094887
, x: 0.5389584898948669
y: 0.6575378179550171
z: -0.05643165111541748
, x: 0.5513846278190613
y: 0.6902431845664978
z: -0.05103274807333946
, x: 0.5717559456825256
y: 0.703935444355011
z: -0.045709095895290375
, x: 0.5942883491516113
y: 0.7337849140167236
z: -0.044608961790800095
, x: 0.5296986103057861
y: 0.7155895829200745
z: -0.059189390391111374
, x: 0.5432111024856567
y: 0.7388463020324707
z: -0.047104500234127045
, x: 0.5628988146781921
y: 0.7491089701652527
z: -0.037925753742456436
, x: 0.5767496228218079
y: 0.7798205018043518
z: -0.04982682317495346
, x: 0.5233429074287415
y: 0.7500519156455994
z: -0.0650593489408493
, x: 0.49117591977119446
y: 0.7387311458587646
z: -0.06630077958106995
, x: 0.46350938081741333
y: 0.7262359261512756
z: -0.06615488976240158
]",
31,122,2023-07-30T13:45:51.694242,"[x: 0.6783868670463562
y: 0.8371376991271973
z: -2.264159064679916e-07
, x: 0.6766718626022339
y: 0.758539617061615
z: 0.010071676224470139
, x: 0.6459984183311462
y: 0.6896839141845703
z: 0.009728733450174332
, x: 0.6039511561393738
y: 0.655267596244812
z: 0.00845362339168787
, x: 0.5689462423324585
y: 0.647569477558136
z: 0.005082132760435343
, x: 0.6336575746536255
y: 0.6507875919342041
z: -0.025989782065153122
, x: 0.5804868340492249
y: 0.5831257700920105
z: -0.039834119379520416
, x: 0.5505939722061157
y: 0.5399147272109985
z: -0.04520445317029953
, x: 0.5268226861953735
y: 0.5063900351524353
z: -0.049778059124946594
, x: 0.6120437979698181
y: 0.6850214004516602
z: -0.03510236740112305
, x: 0.5398381948471069
y: 0.6579653024673462
z: -0.05033428221940994
, x: 0.5524967312812805
y: 0.6883835196495056
z: -0.04428005591034889
, x: 0.5734517574310303
y: 0.7022382020950317
z: -0.03924611210823059
, x: 0.5931567549705505
y: 0.7315773963928223
z: -0.04166138544678688
, x: 0.5321779251098633
y: 0.7159289717674255
z: -0.05330415442585945
, x: 0.5454559922218323
y: 0.7381806373596191
z: -0.04102221876382828
, x: 0.5648509860038757
y: 0.748051106929779
z: -0.03255906701087952
, x: 0.5755060911178589
y: 0.7773187756538391
z: -0.046828724443912506
, x: 0.5225507020950317
y: 0.7506674528121948
z: -0.05893649905920029
, x: 0.4918022155761719
y: 0.7401642799377441
z: -0.05846838280558586
, x: 0.46572810411453247
y: 0.7280715703964233
z: -0.057644639164209366
]",
32,123,2023-07-30T13:45:51.748308,"[x: 0.6787058115005493
y: 0.8382220268249512
z: -2.2786208830893884e-07
, x: 0.6778814792633057
y: 0.7589172124862671
z: 0.010648900642991066
, x: 0.6477046012878418
y: 0.6899701952934265
z: 0.010827509686350822
, x: 0.6059202551841736
y: 0.6562507152557373
z: 0.009998495690524578
, x: 0.5714534521102905
y: 0.6495000720024109
z: 0.007053506560623646
, x: 0.6344662308692932
y: 0.6531344652175903
z: -0.025096161291003227
, x: 0.5804189443588257
y: 0.5849131941795349
z: -0.03910541161894798
, x: 0.549890398979187
y: 0.5406919121742249
z: -0.044554419815540314
, x: 0.5256406664848328
y: 0.5061940550804138
z: -0.04912515729665756
, x: 0.6123052835464478
y: 0.6860373020172119
z: -0.03424016386270523
, x: 0.5400619506835938
y: 0.6581791639328003
z: -0.049515802413225174
, x: 0.5532128214836121
y: 0.6878332495689392
z: -0.04356129840016365
, x: 0.574347972869873
y: 0.7018476724624634
z: -0.03838292881846428
, x: 0.5933041572570801
y: 0.7316901087760925
z: -0.04078533127903938
, x: 0.5320312976837158
y: 0.7147640585899353
z: -0.052200060337781906
, x: 0.5450316071510315
y: 0.7359192371368408
z: -0.03991389647126198
, x: 0.5643354058265686
y: 0.7455935478210449
z: -0.03135780245065689
, x: 0.575778067111969
y: 0.7768337726593018
z: -0.04589415714144707
, x: 0.5224736332893372
y: 0.7499136328697205
z: -0.05797587335109711
, x: 0.4918510913848877
y: 0.739629328250885
z: -0.05763183906674385
, x: 0.46579450368881226
y: 0.7279090285301208
z: -0.056787703186273575
]",
33,124,2023-07-30T13:45:51.812998,"[x: 0.6779935956001282
y: 0.8380061984062195
z: -2.0963767610737705e-07
, x: 0.6753563284873962
y: 0.7590375542640686
z: 0.009135871194303036
, x: 0.6424187421798706
y: 0.6905669569969177
z: 0.007472835015505552
, x: 0.5985843539237976
y: 0.6579271554946899
z: 0.004742892924696207
, x: 0.5625027418136597
y: 0.6504485607147217
z: -0.00012410730414558202
, x: 0.6325840353965759
y: 0.6505169868469238
z: -0.025794854387640953
, x: 0.5797300338745117
y: 0.5835973620414734
z: -0.041335590183734894
, x: 0.5492538213729858
y: 0.541101336479187
z: -0.0484619215130806
, x: 0.5253204107284546
y: 0.5076895952224731
z: -0.053885944187641144
, x: 0.6125929951667786
y: 0.6839873194694519
z: -0.03486311063170433
, x: 0.5411484241485596
y: 0.6601346731185913
z: -0.050837043672800064
, x: 0.5525144338607788
y: 0.6914499402046204
z: -0.045885175466537476
, x: 0.5723453760147095
y: 0.7050691246986389
z: -0.041470661759376526
, x: 0.5940732955932617
y: 0.7299610376358032
z: -0.04159289598464966
, x: 0.5330501198768616
y: 0.7176291942596436
z: -0.053979214280843735
, x: 0.5462997555732727
y: 0.7396578192710876
z: -0.04192446544766426
, x: 0.5660110712051392
y: 0.7491913437843323
z: -0.033185236155986786
, x: 0.5762933492660522
y: 0.7759205102920532
z: -0.04698042571544647
, x: 0.5227641463279724
y: 0.7481135129928589
z: -0.058046307414770126
, x: 0.4928625822067261
y: 0.7389835119247437
z: -0.055888719856739044
, x: 0.46799200773239136
y: 0.728486180305481
z: -0.053736988455057144
]",
34,125,2023-07-30T13:45:51.868141,"[x: 0.6777161359786987
y: 0.8367735743522644
z: -2.4349719751626253e-07
, x: 0.6750723123550415
y: 0.7596210241317749
z: 0.010537268593907356
, x: 0.6432130336761475
y: 0.6898562908172607
z: 0.010348989628255367
, x: 0.6020238399505615
y: 0.6522654891014099
z: 0.009045546874403954
, x: 0.5688521265983582
y: 0.6375230550765991
z: 0.005667405668646097
, x: 0.6314910054206848
y: 0.6493740677833557
z: -0.025063691660761833
, x: 0.5781676769256592
y: 0.5824016332626343
z: -0.03949320688843727
, x: 0.5477972626686096
y: 0.5401411652565002
z: -0.045350849628448486
, x: 0.5237817764282227
y: 0.5077266097068787
z: -0.04986915737390518
, x: 0.612234354019165
y: 0.6831088066101074
z: -0.03430458903312683
, x: 0.5399660468101501
y: 0.6588054299354553
z: -0.049687761813402176
, x: 0.5518109798431396
y: 0.6893562078475952
z: -0.04402173310518265
, x: 0.5716091394424438
y: 0.703335165977478
z: -0.039087340235710144
, x: 0.5943543314933777
y: 0.7289904356002808
z: -0.04104197770357132
, x: 0.53281170129776
y: 0.7174487113952637
z: -0.052950721234083176
, x: 0.5467586517333984
y: 0.7396857738494873
z: -0.04103038087487221
, x: 0.5661076307296753
y: 0.7490565180778503
z: -0.03249742463231087
, x: 0.5768606066703796
y: 0.7748347520828247
z: -0.04627895727753639
, x: 0.5229158401489258
y: 0.7484799027442932
z: -0.05758476257324219
, x: 0.492357075214386
y: 0.7387838959693909
z: -0.05627603083848953
, x: 0.46625837683677673
y: 0.7269862294197083
z: -0.05475202947854996
]",
35,126,2023-07-30T13:45:51.932156,"[x: 0.6784544587135315
y: 0.8308616280555725
z: -1.6879819497717108e-07
, x: 0.6708462238311768
y: 0.7511471509933472
z: 0.0016912569990381598
, x: 0.6351412534713745
y: 0.677120566368103
z: -0.00035846978425979614
, x: 0.592540979385376
y: 0.6309203505516052
z: -0.001437591970898211
, x: 0.5609502792358398
y: 0.6007084250450134
z: -0.0035736735444515944
, x: 0.6401202082633972
y: 0.633053183555603
z: -0.029779404401779175
, x: 0.5903555154800415
y: 0.5678525567054749
z: -0.0457727424800396
, x: 0.5634469985961914
y: 0.5271406769752502
z: -0.051100026816129684
, x: 0.5433281064033508
y: 0.4932025074958801
z: -0.05321243405342102
, x: 0.627119779586792
y: 0.6648768782615662
z: -0.0349845290184021
, x: 0.5543364882469177
y: 0.6364459991455078
z: -0.05472128838300705
, x: 0.539550244808197
y: 0.6597112417221069
z: -0.05614418908953667
, x: 0.5379448533058167
y: 0.6727794408798218
z: -0.05431196093559265
, x: 0.6097278594970703
y: 0.7072296738624573
z: -0.03818425536155701
, x: 0.5466243624687195
y: 0.708184003829956
z: -0.05907650664448738
, x: 0.5523491501808167
y: 0.7353130578994751
z: -0.056186240166425705
, x: 0.5677967667579651
y: 0.7497502565383911
z: -0.04919595271348953
, x: 0.5882521867752075
y: 0.749045193195343
z: -0.03973366320133209
, x: 0.5324674248695374
y: 0.7154308557510376
z: -0.05399554595351219
, x: 0.5010128021240234
y: 0.6938554048538208
z: -0.05553825944662094
, x: 0.4747006595134735
y: 0.6710255146026611
z: -0.05420413613319397
]",
36,127,2023-07-30T13:45:52.006611,"[x: 0.6839666962623596
y: 0.8262108564376831
z: -4.2245503095728054e-08
, x: 0.6735422611236572
y: 0.7436228394508362
z: 0.006875480990856886
, x: 0.6397356986999512
y: 0.676578164100647
z: 0.0028227728325873613
, x: 0.5975360870361328
y: 0.6421855092048645
z: -0.0034049360547214746
, x: 0.5624761581420898
y: 0.6308501958847046
z: -0.01144511066377163
, x: 0.637528121471405
y: 0.6258878707885742
z: -0.02148951217532158
, x: 0.5835392475128174
y: 0.5687522292137146
z: -0.03612232580780983
, x: 0.5529499650001526
y: 0.533315122127533
z: -0.043248534202575684
, x: 0.5291567444801331
y: 0.5040556192398071
z: -0.04690812900662422
, x: 0.6258488893508911
y: 0.6587766408920288
z: -0.03309117630124092
, x: 0.5481200218200684
y: 0.6178959012031555
z: -0.048973992466926575
, x: 0.5069704651832581
y: 0.5933021903038025
z: -0.05652705952525139
, x: 0.47503408789634705
y: 0.5730438828468323
z: -0.06192769110202789
, x: 0.6144848465919495
y: 0.7020817995071411
z: -0.042276669293642044
, x: 0.5438272953033447
y: 0.6920710802078247
z: -0.05849573388695717
, x: 0.5321453213691711
y: 0.704177737236023
z: -0.06026146188378334
, x: 0.5303799510002136
y: 0.7138943672180176
z: -0.058694493025541306
, x: 0.6016893982887268
y: 0.7478734254837036
z: -0.05004994198679924
, x: 0.5438727140426636
y: 0.7193775773048401
z: -0.06064654514193535
, x: 0.5120280385017395
y: 0.703926682472229
z: -0.06085042282938957
, x: 0.48527437448501587
y: 0.6903440952301025
z: -0.05953468382358551
]",
37,128,2023-07-30T13:45:52.061662,"[x: 0.6823827624320984
y: 0.8250572681427002
z: -1.220804435320133e-08
, x: 0.6720614433288574
y: 0.7429941892623901
z: 0.008755610324442387
, x: 0.6405137181282043
y: 0.6770942211151123
z: 0.005096860695630312
, x: 0.6009957194328308
y: 0.6445661187171936
z: -0.0008319714106619358
, x: 0.5665506720542908
y: 0.6352969408035278
z: -0.008971327915787697
, x: 0.636897623538971
y: 0.6253036856651306
z: -0.02171640284359455
, x: 0.5838506817817688
y: 0.5676877498626709
z: -0.036608558148145676
, x: 0.5530993342399597
y: 0.532335638999939
z: -0.04374722018837929
, x: 0.5286365747451782
y: 0.5032317638397217
z: -0.047609150409698486
, x: 0.6258136034011841
y: 0.6591617465019226
z: -0.03398283198475838
, x: 0.5494543313980103
y: 0.6159051656723022
z: -0.0494493804872036
, x: 0.507968008518219
y: 0.5912646651268005
z: -0.05637078732252121
, x: 0.4756966829299927
y: 0.5709889531135559
z: -0.06153781712055206
, x: 0.6151131391525269
y: 0.7031325101852417
z: -0.04368487372994423
, x: 0.5422033667564392
y: 0.6879780292510986
z: -0.059229619801044464
, x: 0.5191982388496399
y: 0.6944532990455627
z: -0.06142604351043701
, x: 0.507317841053009
y: 0.698738157749176
z: -0.06066913902759552
, x: 0.6034037470817566
y: 0.749316394329071
z: -0.0517861507833004
, x: 0.5456339120864868
y: 0.7206785082817078
z: -0.06376828253269196
, x: 0.5134756565093994
y: 0.706565260887146
z: -0.06560750305652618
, x: 0.4875412583351135
y: 0.693372905254364
z: -0.06523200124502182
]",
38,129,2023-07-30T13:45:52.124364,"[x: 0.6892647743225098
y: 0.8318462371826172
z: -1.0626337854091616e-07
, x: 0.680790901184082
y: 0.7489506006240845
z: 0.006627861876040697
, x: 0.6438998579978943
y: 0.682563066482544
z: 0.002872301498427987
, x: 0.5981553196907043
y: 0.6507226228713989
z: -0.003015932161360979
, x: 0.562308132648468
y: 0.637916088104248
z: -0.010476570576429367
, x: 0.6383630633354187
y: 0.6318472027778625
z: -0.023115433752536774
, x: 0.5816701650619507
y: 0.577012300491333
z: -0.038039594888687134
, x: 0.5496188402175903
y: 0.5417540073394775
z: -0.045855842530727386
, x: 0.5249109268188477
y: 0.5120059847831726
z: -0.05008852109313011
, x: 0.6265624761581421
y: 0.6634964346885681
z: -0.034368786960840225
, x: 0.5467249155044556
y: 0.6296172738075256
z: -0.05056362226605415
, x: 0.5049796104431152
y: 0.6067197918891907
z: -0.058336056768894196
, x: 0.47274237871170044
y: 0.5862679481506348
z: -0.06413804739713669
, x: 0.6154464483261108
y: 0.7071815729141235
z: -0.043044380843639374
, x: 0.5502358675003052
y: 0.7089692950248718
z: -0.05929187312722206
, x: 0.5542333126068115
y: 0.7322893142700195
z: -0.060074396431446075
, x: 0.5648339986801147
y: 0.7495721578598022
z: -0.057933658361434937
, x: 0.6026497483253479
y: 0.7536736130714417
z: -0.05046989396214485
, x: 0.5460519790649414
y: 0.7282354831695557
z: -0.06176324933767319
, x: 0.5118246078491211
y: 0.7135006785392761
z: -0.06244173273444176
, x: 0.48108744621276855
y: 0.7011312246322632
z: -0.06176164001226425
]",
39,130,2023-07-30T13:45:52.184690,"[x: 0.6893675923347473
y: 0.8312075734138489
z: -4.5624265254673446e-08
, x: 0.6793842315673828
y: 0.7463719844818115
z: 0.007763938046991825
, x: 0.6428881883621216
y: 0.6803473234176636
z: 0.004594611003994942
, x: 0.5995548963546753
y: 0.6473513841629028
z: -0.0008642315515317023
, x: 0.5640735030174255
y: 0.636858344078064
z: -0.008130713365972042
, x: 0.6372156739234924
y: 0.6295199990272522
z: -0.020958146080374718
, x: 0.5814095735549927
y: 0.5765397548675537
z: -0.03574565425515175
, x: 0.5494032502174377
y: 0.5410524010658264
z: -0.0441247783601284
, x: 0.5244818925857544
y: 0.5118318796157837
z: -0.04878056421875954
, x: 0.6252742409706116
y: 0.6634074449539185
z: -0.03283338621258736
, x: 0.5479367971420288
y: 0.6278220415115356
z: -0.048248402774333954
, x: 0.5061343908309937
y: 0.6017471551895142
z: -0.0564628504216671
, x: 0.47305840253829956
y: 0.5790120959281921
z: -0.06285656243562698
, x: 0.6141940951347351
y: 0.7079393267631531
z: -0.04210471734404564
, x: 0.5456753373146057
y: 0.7015050053596497
z: -0.0573902502655983
, x: 0.5423716306686401
y: 0.7181311845779419
z: -0.05850072577595711
, x: 0.5476341247558594
y: 0.7315057516098022
z: -0.05687106028199196
, x: 0.6014565229415894
y: 0.7551901340484619
z: -0.05004400759935379
, x: 0.5424658060073853
y: 0.7287595868110657
z: -0.06072122976183891
, x: 0.5087108612060547
y: 0.7132524251937866
z: -0.0612720251083374
, x: 0.4796557128429413
y: 0.6996225714683533
z: -0.06049938127398491
]",
40,131,2023-07-30T13:45:52.256930,"[x: 0.694000244140625
y: 0.8314478397369385
z: -5.326142726858052e-08
, x: 0.6821033358573914
y: 0.7475495338439941
z: 0.007821107283234596
, x: 0.6459705829620361
y: 0.6823421716690063
z: 0.004304523114115
, x: 0.6028903126716614
y: 0.650080680847168
z: -0.0015765478601679206
, x: 0.5671848058700562
y: 0.6391206383705139
z: -0.009213458746671677
, x: 0.6395419239997864
y: 0.6311342716217041
z: -0.021686268970370293
, x: 0.5821923017501831
y: 0.5787575244903564
z: -0.03691227734088898
, x: 0.549777626991272
y: 0.545211672782898
z: -0.045361243188381195
, x: 0.5248895883560181
y: 0.5171743035316467
z: -0.04987986013293266
, x: 0.6290712952613831
y: 0.6656522750854492
z: -0.03400898352265358
, x: 0.5483677983283997
y: 0.6300433874130249
z: -0.049879830330610275
, x: 0.5060458183288574
y: 0.60552978515625
z: -0.05830832198262215
, x: 0.47330817580223083
y: 0.5836477875709534
z: -0.0647549033164978
, x: 0.6191245913505554
y: 0.7111331820487976
z: -0.043703023344278336
, x: 0.5502287745475769
y: 0.7064846754074097
z: -0.05969355255365372
, x: 0.5475811958312988
y: 0.7245430946350098
z: -0.06062057241797447
, x: 0.5541056394577026
y: 0.7385323643684387
z: -0.058571476489305496
, x: 0.606987476348877
y: 0.7590584754943848
z: -0.0520324669778347
, x: 0.5480891466140747
y: 0.7307890057563782
z: -0.06271426379680634
, x: 0.514748215675354
y: 0.7156223058700562
z: -0.06237669661641121
, x: 0.486532986164093
y: 0.7029943466186523
z: -0.06084325909614563
]",
41,132,2023-07-30T13:45:52.327013,"[x: 0.6780410408973694
y: 0.8402642607688904
z: -2.1836963526311592e-07
, x: 0.645264744758606
y: 0.7641210556030273
z: -0.00521541852504015
, x: 0.6120177507400513
y: 0.6923314332962036
z: -0.015380272641777992
, x: 0.5714144706726074
y: 0.6561142206192017
z: -0.02601529099047184
, x: 0.53386390209198
y: 0.6492772102355957
z: -0.03703424334526062
, x: 0.6593540906906128
y: 0.6275826692581177
z: -0.022296501323580742
, x: 0.5825607776641846
y: 0.5943373441696167
z: -0.042584456503391266
, x: 0.5366930961608887
y: 0.5915786623954773
z: -0.05709626153111458
, x: 0.4977979362010956
y: 0.5893665552139282
z: -0.0659865140914917
, x: 0.6541661024093628
y: 0.6464692950248718
z: -0.027757680043578148
, x: 0.5743882656097412
y: 0.6134936213493347
z: -0.04645495116710663
, x: 0.5283079147338867
y: 0.614051103591919
z: -0.05769702047109604
, x: 0.4911729097366333
y: 0.6151418685913086
z: -0.0659594014286995
, x: 0.6433112025260925
y: 0.6776156425476074
z: -0.032618045806884766
, x: 0.5690335631370544
y: 0.6729061007499695
z: -0.049942221492528915
, x: 0.5731676816940308
y: 0.7049212455749512
z: -0.049545325338840485
, x: 0.5874227285385132
y: 0.7285427451133728
z: -0.04666838049888611
, x: 0.6262537837028503
y: 0.7129881381988525
z: -0.038113486021757126
, x: 0.5761843919754028
y: 0.7075758576393127
z: -0.050460394471883774
, x: 0.5768828392028809
y: 0.7304612994194031
z: -0.048470389097929
, x: 0.5875991582870483
y: 0.7489798069000244
z: -0.04505826532840729
]",
42,133,2023-07-30T13:45:52.385294,"[x: 0.6743623614311218
y: 0.8366312980651855
z: -2.865746751012921e-07
, x: 0.6413971185684204
y: 0.7664892673492432
z: -0.0003027039929293096
, x: 0.6087970733642578
y: 0.696061909198761
z: -0.009682830423116684
, x: 0.571130633354187
y: 0.6610578298568726
z: -0.021281665191054344
, x: 0.5352892279624939
y: 0.6486485004425049
z: -0.03408391401171684
, x: 0.655282735824585
y: 0.6266710758209229
z: -0.014958811923861504
, x: 0.5812807083129883
y: 0.5952901244163513
z: -0.03783734142780304
, x: 0.534646213054657
y: 0.5923319458961487
z: -0.0572243295609951
, x: 0.4971701502799988
y: 0.5925084948539734
z: -0.06914461404085159
, x: 0.6511135101318359
y: 0.6477338671684265
z: -0.025609176605939865
, x: 0.5767551064491272
y: 0.613493800163269
z: -0.04542982578277588
, x: 0.5292577147483826
y: 0.6081204414367676
z: -0.05927231162786484
, x: 0.4920734763145447
y: 0.6025058031082153
z: -0.06916075199842453
, x: 0.6415281295776367
y: 0.6810464262962341
z: -0.035891804844141006
, x: 0.5725972056388855
y: 0.678385317325592
z: -0.05239390581846237
, x: 0.5794556736946106
y: 0.7100809812545776
z: -0.05253983661532402
, x: 0.5963426828384399
y: 0.7286452651023865
z: -0.0510375089943409
, x: 0.6263928413391113
y: 0.7196738719940186
z: -0.046647001057863235
, x: 0.5804673433303833
y: 0.7153232097625732
z: -0.05932570993900299
, x: 0.5874301791191101
y: 0.7388809323310852
z: -0.05632684379816055
, x: 0.6045053005218506
y: 0.7529700398445129
z: -0.052241191267967224
]",
43,134,2023-07-30T13:45:52.455639,"[x: 0.6572922468185425
y: 0.8301036357879639
z: -5.431343197415117e-07
, x: 0.5995630025863647
y: 0.7592238783836365
z: 0.00941177923232317
, x: 0.5844910740852356
y: 0.6960326433181763
z: 0.006774962414056063
, x: 0.576886773109436
y: 0.6512094736099243
z: -0.0013738552806898952
, x: 0.5732162594795227
y: 0.6177477836608887
z: -0.010094180703163147
, x: 0.6499516367912292
y: 0.6183239817619324
z: 0.010791460983455181
, x: 0.59750896692276
y: 0.5940987467765808
z: -0.0058161416091024876
, x: 0.5643610954284668
y: 0.6194369792938232
z: -0.02188829518854618
, x: 0.549928605556488
y: 0.6449030041694641
z: -0.03236584737896919
, x: 0.6629022359848022
y: 0.6236456036567688
z: -0.003879798576235771
, x: 0.5993521809577942
y: 0.5897989273071289
z: -0.02044912427663803
, x: 0.5648499131202698
y: 0.6236469745635986
z: -0.032882362604141235
, x: 0.551417350769043
y: 0.6543397307395935
z: -0.03980812430381775
, x: 0.6673027873039246
y: 0.6439898014068604
z: -0.019399525597691536
, x: 0.6033548712730408
y: 0.6009963750839233
z: -0.03434725105762482
, x: 0.5660748481750488
y: 0.6223852038383484
z: -0.03745245188474655
, x: 0.549132227897644
y: 0.6422674059867859
z: -0.03793305531144142
, x: 0.6600521802902222
y: 0.676067054271698
z: -0.034391697496175766
, x: 0.5971596240997314
y: 0.6488631367683411
z: -0.04708882048726082
, x: 0.564447283744812
y: 0.6524474024772644
z: -0.04827931895852089
, x: 0.5468207001686096
y: 0.6564026474952698
z: -0.04694405198097229
]",
44,135,2023-07-30T13:45:52.526412,"[x: 0.6589756608009338
y: 0.8309595584869385
z: -5.779246521342429e-07
, x: 0.6088651418685913
y: 0.7675718069076538
z: 0.010076617822051048
, x: 0.5889001488685608
y: 0.7017567157745361
z: 0.010357726365327835
, x: 0.572060227394104
y: 0.660340428352356
z: 0.004864019807428122
, x: 0.5624668598175049
y: 0.6362900733947754
z: -0.0006241337396204472
, x: 0.6533036828041077
y: 0.621671736240387
z: 0.017387527972459793
, x: 0.5975510478019714
y: 0.5942464470863342
z: 0.004301757086068392
, x: 0.5663064122200012
y: 0.6206590533256531
z: -0.009624358266592026
, x: 0.5543532371520996
y: 0.6495317220687866
z: -0.018533403053879738
, x: 0.6625781655311584
y: 0.6289584040641785
z: 0.002748303348198533
, x: 0.5974161028862
y: 0.5914731621742249
z: -0.010332142002880573
, x: 0.5661970973014832
y: 0.6221219897270203
z: -0.020744502544403076
, x: 0.5537704825401306
y: 0.6526742577552795
z: -0.026357434689998627
, x: 0.6642221808433533
y: 0.6482277512550354
z: -0.013085481710731983
, x: 0.5969035029411316
y: 0.6223921179771423
z: -0.02426246553659439
, x: 0.575232207775116
y: 0.6517401337623596
z: -0.027216652408242226
, x: 0.5718331336975098
y: 0.674433708190918
z: -0.028220823034644127
, x: 0.6554601192474365
y: 0.675654411315918
z: -0.028973199427127838
, x: 0.5962097644805908
y: 0.654214084148407
z: -0.03769684582948685
, x: 0.5700017213821411
y: 0.6632354855537415
z: -0.038527682423591614
, x: 0.5577269792556763
y: 0.6703452467918396
z: -0.037914589047431946
]",
45,136,2023-07-30T13:45:52.588239,"[x: 0.6470168828964233
y: 0.8257580399513245
z: -6.580406761713675e-07
, x: 0.5992633700370789
y: 0.767108678817749
z: 0.0062826843932271
, x: 0.5839362740516663
y: 0.6966582536697388
z: 0.007582115009427071
, x: 0.5802033543586731
y: 0.6422920823097229
z: 0.004429043270647526
, x: 0.5862178802490234
y: 0.6070350408554077
z: 0.002118584932759404
, x: 0.6390689015388489
y: 0.6247475743293762
z: 0.011067315004765987
, x: 0.5931206345558167
y: 0.594772458076477
z: -0.001863008365035057
, x: 0.5721110701560974
y: 0.6292243003845215
z: -0.012317360378801823
, x: 0.5694088935852051
y: 0.6602535247802734
z: -0.018396642059087753
, x: 0.6557760238647461
y: 0.6338397860527039
z: -0.0011328818509355187
, x: 0.5976883769035339
y: 0.5958743095397949
z: -0.01819642260670662
, x: 0.5780444741249084
y: 0.6398143172264099
z: -0.026698166504502296
, x: 0.5752322673797607
y: 0.68011873960495
z: -0.028940880671143532
, x: 0.6643245220184326
y: 0.6523850560188293
z: -0.014554188586771488
, x: 0.6039304733276367
y: 0.6264337301254272
z: -0.03194797784090042
, x: 0.5937921404838562
y: 0.673306941986084
z: -0.03364298865199089
, x: 0.5977218151092529
y: 0.7115632891654968
z: -0.031271956861019135
, x: 0.6610744595527649
y: 0.6785984635353088
z: -0.027860475704073906
, x: 0.6038790941238403
y: 0.6558094620704651
z: -0.04055177420377731
, x: 0.5711318254470825
y: 0.6550509333610535
z: -0.04314960539340973
, x: 0.5490223169326782
y: 0.6515159606933594
z: -0.04316424950957298
]",
46,137,2023-07-30T13:45:52.652220,"[x: 0.6451385021209717
y: 0.8238967061042786
z: -4.86342628391867e-07
, x: 0.5971075296401978
y: 0.7851603627204895
z: 0.0008582078735344112
, x: 0.5754985213279724
y: 0.7175239324569702
z: 0.0003240054938942194
, x: 0.5695883631706238
y: 0.6676658391952515
z: -0.003822166007012129
, x: 0.5651832818984985
y: 0.6288915872573853
z: -0.007933295331895351
, x: 0.6229737997055054
y: 0.6405780911445618
z: 0.014023737981915474
, x: 0.5898781418800354
y: 0.5984647274017334
z: -0.004036682657897472
, x: 0.5617561936378479
y: 0.6142972111701965
z: -0.019430318847298622
, x: 0.5509411096572876
y: 0.6413735151290894
z: -0.027956025674939156
, x: 0.6414399147033691
y: 0.6383721828460693
z: 0.003339415183290839
, x: 0.5978863835334778
y: 0.5867294073104858
z: -0.013009924441576004
, x: 0.5674765706062317
y: 0.6128664016723633
z: -0.02110564149916172
, x: 0.5604220032691956
y: 0.6416070461273193
z: -0.022760450839996338
, x: 0.6548396944999695
y: 0.6475957036018372
z: -0.010274515487253666
, x: 0.6054325699806213
y: 0.595481276512146
z: -0.029348164796829224
, x: 0.5825726389884949
y: 0.6268043518066406
z: -0.029280761256814003
, x: 0.5819734334945679
y: 0.6542210578918457
z: -0.025545844808220863
, x: 0.6614978313446045
y: 0.668049693107605
z: -0.024318531155586243
, x: 0.6123139262199402
y: 0.6472193598747253
z: -0.043119195848703384
, x: 0.6007921695709229
y: 0.6835157871246338
z: -0.04223243519663811
, x: 0.6076939105987549
y: 0.7153404355049133
z: -0.037419192492961884
]",
47,138,2023-07-30T13:45:52.716148,"[x: 0.6455000042915344
y: 0.8256454467773438
z: -5.132719138600805e-07
, x: 0.5967307090759277
y: 0.783390998840332
z: 0.0027763124089688063
, x: 0.5774893760681152
y: 0.7165743708610535
z: 0.0017591988435015082
, x: 0.5693778395652771
y: 0.6670016646385193
z: -0.0034394923131912947
, x: 0.5592758059501648
y: 0.6265217065811157
z: -0.008341445587575436
, x: 0.6264815926551819
y: 0.6396358609199524
z: 0.013567795976996422
, x: 0.5936251282691956
y: 0.5922302603721619
z: -0.004038529936224222
, x: 0.5649968385696411
y: 0.6102584004402161
z: -0.018309229984879494
, x: 0.5552971959114075
y: 0.6389848589897156
z: -0.026026500388979912
, x: 0.6441876888275146
y: 0.6381880044937134
z: 0.001799473655410111
, x: 0.5996199250221252
y: 0.5828689932823181
z: -0.01375148631632328
, x: 0.569911539554596
y: 0.6131577491760254
z: -0.020935917273163795
, x: 0.5647785663604736
y: 0.6469003558158875
z: -0.022387981414794922
, x: 0.6563789248466492
y: 0.6478358507156372
z: -0.012560505419969559
, x: 0.6040740013122559
y: 0.598601222038269
z: -0.029773645102977753
, x: 0.58301842212677
y: 0.6340494155883789
z: -0.028523603454232216
, x: 0.5846632122993469
y: 0.6662914752960205
z: -0.02450607344508171
, x: 0.6610710620880127
y: 0.6675816178321838
z: -0.02728864550590515
, x: 0.6089391112327576
y: 0.6444777250289917
z: -0.044100888073444366
, x: 0.598105788230896
y: 0.6796181201934814
z: -0.04238589107990265
, x: 0.6064661145210266
y: 0.7112423181533813
z: -0.03740382567048073
]",
48,139,2023-07-30T13:45:52.769321,"[x: 0.6420199275016785
y: 0.8369256258010864
z: -2.1238827585534636e-08
, x: 0.5950843691825867
y: 0.8031737208366394
z: -0.010377264581620693
, x: 0.565251886844635
y: 0.7398013472557068
z: -0.01594841480255127
, x: 0.5585757493972778
y: 0.685317873954773
z: -0.025671634823083878
, x: 0.5754909515380859
y: 0.6393927335739136
z: -0.033279433846473694
, x: 0.583226203918457
y: 0.669836699962616
z: 0.003744968678802252
, x: 0.5576759576797485
y: 0.6045867204666138
z: -0.013621621765196323
, x: 0.536843478679657
y: 0.5623109936714172
z: -0.0234155785292387
, x: 0.5226214528083801
y: 0.5265819430351257
z: -0.027731794863939285
, x: 0.6048276424407959
y: 0.6608744859695435
z: -0.005617185030132532
, x: 0.5740066170692444
y: 0.5935693979263306
z: -0.029595792293548584
, x: 0.5470030903816223
y: 0.5511070489883423
z: -0.042609937489032745
, x: 0.524664044380188
y: 0.5129084587097168
z: -0.04634873569011688
, x: 0.6270395517349243
y: 0.6661583781242371
z: -0.0185750313103199
, x: 0.5881822109222412
y: 0.6473919153213501
z: -0.0534554086625576
, x: 0.5869839191436768
y: 0.6978397369384766
z: -0.05817721411585808
, x: 0.5934239029884338
y: 0.7352282404899597
z: -0.04879942536354065
, x: 0.6454430222511292
y: 0.6791533827781677
z: -0.0326424278318882
, x: 0.6155081987380981
y: 0.6277053356170654
z: -0.053782254457473755
, x: 0.5929628014564514
y: 0.6002659201622009
z: -0.05483289062976837
, x: 0.5739627480506897
y: 0.5767264366149902
z: -0.04994922876358032
]",
49,140,2023-07-30T13:45:52.833969,"[x: 0.641467273235321
y: 0.8418050408363342
z: 2.402819916369481e-07
, x: 0.5920075178146362
y: 0.8036139011383057
z: -0.005603759549558163
, x: 0.5646699666976929
y: 0.7387137413024902
z: -0.009702751412987709
, x: 0.5594795942306519
y: 0.6846453547477722
z: -0.018575258553028107
, x: 0.5750513076782227
y: 0.6384380459785461
z: -0.025140538811683655
, x: 0.5885910391807556
y: 0.672275960445404
z: 0.006989324931055307
, x: 0.5587993264198303
y: 0.6049243211746216
z: -0.005908160004764795
, x: 0.5348044037818909
y: 0.5672301650047302
z: -0.012813533656299114
, x: 0.5171427726745605
y: 0.534915566444397
z: -0.0157161857932806
, x: 0.6082392334938049
y: 0.6632529497146606
z: -0.002894266974180937
, x: 0.5791815519332886
y: 0.5904870629310608
z: -0.022745802998542786
, x: 0.5537016987800598
y: 0.5455354452133179
z: -0.03485046699643135
, x: 0.5354772210121155
y: 0.504958987236023
z: -0.038940876722335815
, x: 0.6294282674789429
y: 0.6685266494750977
z: -0.015268461778759956
, x: 0.5896424055099487
y: 0.6472839713096619
z: -0.04384379833936691
, x: 0.58304363489151
y: 0.7012048363685608
z: -0.04478492587804794
, x: 0.5885326266288757
y: 0.7438870072364807
z: -0.033996786922216415
, x: 0.6465702652931213
y: 0.6799918413162231
z: -0.028719212859869003
, x: 0.6204232573509216
y: 0.6277977228164673
z: -0.046157993376255035
, x: 0.5990250706672668
y: 0.6001823544502258
z: -0.04571967571973801
, x: 0.5810667872428894
y: 0.5779463648796082
z: -0.040255673229694366
]",
50,141,2023-07-30T13:45:52.886259,"[x: 0.6388506293296814
y: 0.8526248931884766
z: 4.1456888766333577e-07
, x: 0.5880814790725708
y: 0.8223439455032349
z: -0.013954918831586838
, x: 0.5559724569320679
y: 0.7535873055458069
z: -0.022063832730054855
, x: 0.5509397983551025
y: 0.6930724382400513
z: -0.03221956640481949
, x: 0.5691927671432495
y: 0.6451762318611145
z: -0.03953510522842407
, x: 0.572880744934082
y: 0.6847639083862305
z: -0.009412803687155247
, x: 0.5470077991485596
y: 0.6059466600418091
z: -0.024841470643877983
, x: 0.5291078090667725
y: 0.5594766736030579
z: -0.031814802438020706
, x: 0.5147894024848938
y: 0.5224629044532776
z: -0.03451592102646828
, x: 0.5955279469490051
y: 0.6777435541152954
z: -0.014151621609926224
, x: 0.5783455967903137
y: 0.5930795073509216
z: -0.037189505994319916
, x: 0.5619421601295471
y: 0.5360220670700073
z: -0.04845520853996277
, x: 0.5510403513908386
y: 0.48885172605514526
z: -0.05133259296417236
, x: 0.6193110346794128
y: 0.6863616704940796
z: -0.021099591627717018
, x: 0.5923531651496887
y: 0.6547155380249023
z: -0.049721747636795044
, x: 0.5843404531478882
y: 0.7100972533226013
z: -0.047766707837581635
, x: 0.5860848426818848
y: 0.7535750865936279
z: -0.0352473221719265
, x: 0.6409912705421448
y: 0.7003571391105652
z: -0.029711659997701645
, x: 0.6261741518974304
y: 0.6515190601348877
z: -0.04778507351875305
, x: 0.6108375191688538
y: 0.6209152936935425
z: -0.047716766595840454
, x: 0.5962139368057251
y: 0.5903637409210205
z: -0.042406998574733734
]",
51,142,2023-07-30T13:45:52.951769,"[x: 0.6385632157325745
y: 0.854400634765625
z: 4.595641769356007e-07
, x: 0.5876591205596924
y: 0.8207375407218933
z: -0.012167386710643768
, x: 0.5542448163032532
y: 0.7557241320610046
z: -0.02080433815717697
, x: 0.5473101139068604
y: 0.6965723037719727
z: -0.031784575432538986
, x: 0.5669111013412476
y: 0.6467943787574768
z: -0.03995906934142113
, x: 0.5766836404800415
y: 0.6871533393859863
z: -0.009962373413145542
, x: 0.5495506525039673
y: 0.605552077293396
z: -0.024181755259633064
, x: 0.5309301614761353
y: 0.559168815612793
z: -0.029929930344223976
, x: 0.5154516696929932
y: 0.5222274661064148
z: -0.03233188018202782
, x: 0.5982125401496887
y: 0.6797572374343872
z: -0.015582732856273651
, x: 0.5795097947120667
y: 0.5924178957939148
z: -0.03746281936764717
, x: 0.5622793436050415
y: 0.5358097553253174
z: -0.0486401692032814
, x: 0.5503488779067993
y: 0.49079036712646484
z: -0.05247792601585388
, x: 0.6204798221588135
y: 0.6877943277359009
z: -0.022992534562945366
, x: 0.5896719098091125
y: 0.6587162613868713
z: -0.05034326761960983
, x: 0.5815370082855225
y: 0.7110000252723694
z: -0.048932064324617386
, x: 0.5844137072563171
y: 0.7535862326622009
z: -0.037880394607782364
, x: 0.6406301259994507
y: 0.7008325457572937
z: -0.03189906105399132
, x: 0.6264865398406982
y: 0.6512599587440491
z: -0.049813300371170044
, x: 0.6108683347702026
y: 0.6210997104644775
z: -0.050835173577070236
, x: 0.5958915948867798
y: 0.5943370461463928
z: -0.0470288060605526
]",
52,143,2023-07-30T13:45:53.006665,"[x: 0.6323870420455933
y: 0.8626298904418945
z: 4.814174303646723e-07
, x: 0.5836007595062256
y: 0.8275580406188965
z: -0.014326178468763828
, x: 0.5516093969345093
y: 0.7600751519203186
z: -0.024391816928982735
, x: 0.5445441603660583
y: 0.7015455961227417
z: -0.0363013856112957
, x: 0.5622655153274536
y: 0.6519681811332703
z: -0.045648764818906784
, x: 0.5755786895751953
y: 0.6884945631027222
z: -0.01441884320229292
, x: 0.5491818785667419
y: 0.6064653992652893
z: -0.031432732939720154
, x: 0.5292622447013855
y: 0.5588377714157104
z: -0.039079293608665466
, x: 0.5135698318481445
y: 0.522053062915802
z: -0.04243181645870209
, x: 0.5982961654663086
y: 0.6848371624946594
z: -0.019449377432465553
, x: 0.5827609896659851
y: 0.5958211421966553
z: -0.04391206428408623
, x: 0.5663385391235352
y: 0.5382111668586731
z: -0.056181035935878754
, x: 0.5553879737854004
y: 0.49336934089660645
z: -0.0602358803153038
, x: 0.6214942932128906
y: 0.6971446871757507
z: -0.026398159563541412
, x: 0.5939911603927612
y: 0.6667984127998352
z: -0.0556744784116745
, x: 0.5819829702377319
y: 0.7172001004219055
z: -0.05481969192624092
, x: 0.5816711187362671
y: 0.7585175037384033
z: -0.04384743049740791
, x: 0.6416487693786621
y: 0.7142841219902039
z: -0.0348820760846138
, x: 0.6281682848930359
y: 0.6633729934692383
z: -0.05433417484164238
, x: 0.6154126524925232
y: 0.6317287683486938
z: -0.05551760271191597
, x: 0.6043617129325867
y: 0.6010668277740479
z: -0.051469381898641586
]",
53,144,2023-07-30T13:45:53.064962,"[x: 0.6231448650360107
y: 0.8957127928733826
z: 1.3271673537929018e-07
, x: 0.5759395360946655
y: 0.8512402176856995
z: -0.011330457404255867
, x: 0.5485836863517761
y: 0.7925577163696289
z: -0.02189665101468563
, x: 0.5427867770195007
y: 0.7423768639564514
z: -0.03570488840341568
, x: 0.5531294345855713
y: 0.7014347314834595
z: -0.049234651029109955
, x: 0.5862494707107544
y: 0.6946581602096558
z: -0.010066683404147625
, x: 0.5673945546150208
y: 0.6296014189720154
z: -0.031171297654509544
, x: 0.5528051257133484
y: 0.5812383890151978
z: -0.047680970281362534
, x: 0.5422070026397705
y: 0.5404502153396606
z: -0.05815006420016289
, x: 0.6062661409378052
y: 0.6944368481636047
z: -0.018632449209690094
, x: 0.5743892788887024
y: 0.6401379704475403
z: -0.039642319083213806
, x: 0.5442031025886536
y: 0.6062870025634766
z: -0.05176517367362976
, x: 0.5214077234268188
y: 0.5795609951019287
z: -0.058107007294893265
, x: 0.6256932616233826
y: 0.7099475264549255
z: -0.029520150274038315
, x: 0.5835568904876709
y: 0.6931148171424866
z: -0.05374406650662422
, x: 0.5633583068847656
y: 0.7312513589859009
z: -0.0533890426158905
, x: 0.5579105019569397
y: 0.7682594060897827
z: -0.046802449971437454
, x: 0.6406534910202026
y: 0.7401024699211121
z: -0.04231290519237518
, x: 0.6007272005081177
y: 0.7317598462104797
z: -0.05692337825894356
, x: 0.5860872268676758
y: 0.7612571120262146
z: -0.05151723325252533
, x: 0.5851813554763794
y: 0.7907449007034302
z: -0.043436046689748764
]",
54,145,2023-07-30T13:45:53.118747,"[x: 0.6239151358604431
y: 0.8952787518501282
z: 1.899120150028466e-07
, x: 0.5775387287139893
y: 0.8510249853134155
z: -0.012211562134325504
, x: 0.5457983613014221
y: 0.7901189923286438
z: -0.022660475224256516
, x: 0.5395157933235168
y: 0.7361703515052795
z: -0.03624929115176201
, x: 0.5564433336257935
y: 0.6930180191993713
z: -0.04846508800983429
, x: 0.5766387581825256
y: 0.698735237121582
z: -0.002082575112581253
, x: 0.5490058660507202
y: 0.639199435710907
z: -0.021950842812657356
, x: 0.5293360948562622
y: 0.5971231460571289
z: -0.0364028736948967
, x: 0.5181385278701782
y: 0.5614081025123596
z: -0.04486740380525589
, x: 0.6003012657165527
y: 0.6953811049461365
z: -0.010388041846454144
, x: 0.5741721391677856
y: 0.6293878555297852
z: -0.030267678201198578
, x: 0.5533486604690552
y: 0.582465648651123
z: -0.04184405505657196
, x: 0.5415003895759583
y: 0.5426257252693176
z: -0.04691751301288605
, x: 0.6240147352218628
y: 0.708762526512146
z: -0.02194775640964508
, x: 0.5891983509063721
y: 0.6844966411590576
z: -0.04790554195642471
, x: 0.5722073316574097
y: 0.7261084318161011
z: -0.048110123723745346
, x: 0.5707440376281738
y: 0.7639490365982056
z: -0.04035799205303192
, x: 0.6428866982460022
y: 0.7359182238578796
z: -0.03520997241139412
, x: 0.6074394583702087
y: 0.7207518219947815
z: -0.051301371306180954
, x: 0.5934457182884216
y: 0.7526460886001587
z: -0.04609169811010361
, x: 0.5941479802131653
y: 0.7833701372146606
z: -0.03739102557301521
]",
