Timestamp,Index,Frame ID,w,x,y,z,ax,ay,az,x_0,y_0,z_0,x_1,y_1,z_1,x_2,y_2,z_2,x_3,y_3,z_3,x_4,y_4,z_4,x_5,y_5,z_5,x_6,y_6,z_6,x_7,y_7,z_7,x_8,y_8,z_8,x_9,y_9,z_9,x_10,y_10,z_10,x_11,y_11,z_11,x_12,y_12,z_12,x_13,y_13,z_13,x_14,y_14,z_14,x_15,y_15,z_15,x_16,y_16,z_16,x_17,y_17,z_17,x_18,y_18,z_18,x_19,y_19,z_19,x_20,y_20,z_20
2023-08-01 15:55:48.748797,0,278,0.6843590140342712,0.610638439655304,-0.1565292179584503,0.3664314150810241,-0.037109375,0.9111328125,0.35546875,0.4999186098575592,0.7514258623123169,4.035382517031394e-07,0.437978446483612,0.6935958862304688,-0.0184299610555171,0.3932718634605407,0.5976940989494324,-0.0239448957145214,0.3643295168876648,0.5295765399932861,-0.0299026053398847,0.3318105936050415,0.4896444678306579,-0.0360337533056736,0.4726889133453369,0.4478175640106201,0.0012561345938593,0.4703447520732879,0.3492892980575561,-0.0103781139478087,0.4712013900279999,0.2880145311355591,-0.0252898782491683,0.4742886126041412,0.2358253598213195,-0.0379276201128959,0.5206899046897888,0.4434775114059448,-0.0062075201421976,0.5351150035858154,0.3290472030639648,-0.0126905553042888,0.5437079668045044,0.2568638920783996,-0.0245317332446575,0.549328625202179,0.198628544807434,-0.034975066781044,0.5635034441947937,0.4649609625339508,-0.0188004896044731,0.5925949215888977,0.365916907787323,-0.0302446614950895,0.6084342002868652,0.3000394105911255,-0.044095903635025,0.6190093159675598,0.2420173287391662,-0.0557247176766395,0.5986357927322388,0.5065746903419495,-0.0341989398002624,0.6418797373771667,0.4441252946853637,-0.0470037162303924,0.6696338653564453,0.4004274606704712,-0.0548877455294132,0.6934401988983154,0.3587977290153503,-0.0614654682576656
2023-08-01 15:55:48.806986,1,279,0.6856406927108765,0.6094527840614319,-0.1563680619001388,0.3660783469676971,-0.01806640625,0.9189453125,0.46826171875,0.5026555061340332,0.7561755180358887,4.2153246226916963e-07,0.4408912658691406,0.6980523467063904,-0.0195444095879793,0.3960801362991333,0.6031893491744995,-0.0257956720888614,0.3658064901828766,0.536720335483551,-0.0323578268289566,0.332729160785675,0.4973863959312439,-0.0387369319796562,0.473367303609848,0.4494270086288452,0.0007908166735433,0.4711445868015289,0.3499826192855835,-0.0116465371102094,0.4716933667659759,0.2888656258583069,-0.0268501657992601,0.4750756621360779,0.2364749610424041,-0.0393059067428112,0.521453320980072,0.444849282503128,-0.005831348709762,0.5360807776451111,0.3312046229839325,-0.0118916565552353,0.5454130172729492,0.2593535184860229,-0.0223882868885993,0.5517635345458984,0.2015503644943237,-0.0316239409148693,0.5645201802253723,0.46640145778656,-0.0178930032998323,0.5948458313941956,0.3698144853115082,-0.0284641478210687,0.611275851726532,0.3054494261741638,-0.0405292436480522,0.6219471096992493,0.2486342489719391,-0.0506157763302326,0.599921464920044,0.5081713795661926,-0.0330523364245891,0.6437578797340393,0.4475328624248504,-0.0447373799979686,0.6711580157279968,0.4042508602142334,-0.051466979086399,0.6944392919540405,0.3624265193939209,-0.0569367483258247
2023-08-01 15:55:48.852998,2,280,0.6861922144889832,0.6088539958000183,-0.1555996090173721,0.3663684427738189,-0.0673828125,0.93798828125,0.3994140625,0.5003402829170227,0.7586463689804077,4.3797777493637113e-07,0.4391225278377533,0.7010741233825684,-0.0197261106222867,0.3951331675052643,0.6087083220481873,-0.0265362579375505,0.3658078908920288,0.5456321239471436,-0.0335539989173412,0.3333380222320556,0.5071552991867065,-0.040563378483057,0.472602903842926,0.4501724541187286,-0.0004928892012685,0.4698612987995147,0.3506003022193908,-0.0122631462290883,0.4700475037097931,0.2890512943267822,-0.0268106367439031,0.4726510941982269,0.2364683747291565,-0.038999069482088,0.5211589932441711,0.4463778138160705,-0.0075357179157435,0.536296010017395,0.331784039735794,-0.0134879881516098,0.545505702495575,0.2600250244140625,-0.0241071265190839,0.551615834236145,0.2025418877601623,-0.0335276462137699,0.5642335414886475,0.4691334366798401,-0.0198718104511499,0.5953577756881714,0.3707548975944519,-0.0310460589826107,0.611748456954956,0.3052889406681061,-0.0438654348254203,0.6221994161605835,0.247023344039917,-0.05453871935606,0.5992799997329712,0.5124107003211975,-0.0351686961948871,0.6442918181419373,0.4513586163520813,-0.0476277321577072,0.6721410751342773,0.4076851010322571,-0.0548429526388645,0.6954774260520935,0.365160584449768,-0.0607047714293003
2023-08-01 15:55:48.901012,3,281,0.6866735816001892,0.608600914478302,-0.1543477177619934,0.3664165437221527,-0.03271484375,0.92529296875,0.43505859375,0.504507303237915,0.7719942331314087,3.993369830368465e-07,0.4418708980083465,0.7135311961174011,-0.0168671756982803,0.3956697285175323,0.6190701723098755,-0.0216382928192615,0.3641139268875122,0.5571183562278748,-0.027023009955883,0.3289216756820678,0.5229406356811523,-0.032607864588499,0.4728269577026367,0.4607202708721161,0.0019299882696941,0.4677936136722564,0.3589688539505005,-0.0090074315667152,0.4671162962913513,0.2974153757095337,-0.0229179114103317,0.4685569405555725,0.2451443672180175,-0.0346474014222621,0.52256840467453,0.4576693773269653,-0.0058546680957078,0.536169707775116,0.3409411907196045,-0.0110322507098317,0.5453469753265381,0.2680405974388122,-0.0214335918426513,0.5517416596412659,0.2102612555027008,-0.0307648107409477,0.5671008229255676,0.4816632866859436,-0.0186371728777885,0.5963790416717529,0.3813486695289612,-0.0285231154412031,0.6119221448898315,0.3168317079544067,-0.040791992098093,0.6219044923782349,0.2604492008686065,-0.0512350909411907,0.6041529774665833,0.5256075263023376,-0.0341429933905601,0.6478168964385986,0.4639215171337127,-0.0450778640806674,0.67523592710495,0.4194745123386383,-0.0515479631721973,0.698524534702301,0.3772052824497223,-0.0571167133748531
2023-08-01 15:55:48.946490,4,282,0.686545729637146,0.6084058880805969,-0.1537719964981079,0.3672211766242981,-0.0966796875,0.9404296875,0.3857421875,0.5030116438865662,0.7750444412231445,4.371151192117395e-07,0.4397419691085815,0.7147008776664734,-0.0164932925254106,0.3943268954753876,0.6201602816581726,-0.0211840067058801,0.362975001335144,0.5590100288391113,-0.0266814995557069,0.3272202610969543,0.5255157351493835,-0.0326407365500927,0.4727070331573486,0.4621976017951965,0.0019546451512724,0.4691086411476135,0.3602882027626037,-0.0086084110662341,0.4688718020915985,0.2976094484329223,-0.022032480686903,0.4707771837711334,0.2447777092456817,-0.0336000099778175,0.5216754078865051,0.4598492980003357,-0.0064900321885943,0.5368276834487915,0.3425351977348327,-0.0118655897676944,0.546460747718811,0.2691436409950256,-0.0224244929850101,0.5531123280525208,0.2105408012866974,-0.0318722240626812,0.565500795841217,0.4844526052474975,-0.0199362151324749,0.5964683294296265,0.3833332657814026,-0.0310066100209951,0.6127848029136658,0.3174855411052704,-0.0445663705468177,0.6233405470848083,0.258593201637268,-0.0558352656662464,0.6015332937240601,0.5293486714363098,-0.0359432697296142,0.6476678252220154,0.4676762223243713,-0.0486664623022079,0.6763274669647217,0.422707736492157,-0.0565847307443618,0.7005995512008667,0.3786612749099731,-0.063151404261589
2023-08-01 15:55:48.995208,5,283,0.6860306262969971,0.6085919737815857,-0.1529780477285385,0.3682056963443756,-0.07958984375,0.91064453125,0.39697265625,0.5054334402084351,0.7741363048553467,4.355084683993482e-07,0.4429976940155029,0.7151919603347778,-0.0163222681730985,0.3964714109897613,0.6199684143066406,-0.0207761228084564,0.3643845915794372,0.55768221616745,-0.026001114398241,0.3275676369667053,0.524387001991272,-0.0317563563585281,0.4717925190925598,0.4607948660850525,0.00230522477068,0.4679155051708221,0.3593183159828186,-0.0082493303343653,0.4674312472343445,0.2970736026763916,-0.0217711590230464,0.4691260755062103,0.2441630959510803,-0.0334882773458957,0.5212675333023071,0.4578602612018585,-0.006116222590208,0.5361539721488953,0.3409667611122131,-0.0116512067615985,0.5458224415779114,0.2678141593933105,-0.0226419102400541,0.5528034567832947,0.2086730003356933,-0.0325621031224727,0.5653879046440125,0.482134461402893,-0.0195392128080129,0.5964213609695435,0.3818079829216003,-0.0310304537415504,0.61301189661026,0.316067636013031,-0.0454787164926528,0.6239306926727295,0.2568288743495941,-0.057489775121212,0.6017134189605713,0.5266243815422058,-0.0354334153234958,0.6481502652168274,0.4656991064548492,-0.0487327016890049,0.6772561073303223,0.4213660955429077,-0.0574575290083885,0.7020456194877625,0.3776752352714538,-0.0647064223885536
2023-08-01 15:55:49.052051,6,284,0.6853160262107849,0.6087934970855713,-0.1528239101171493,0.3692655861377716,-0.0703125,0.9150390625,0.416015625,0.5048389434814453,0.7737815380096436,4.4920324171471293e-07,0.442509263753891,0.7143077254295349,-0.0179295968264341,0.3959241509437561,0.61960768699646,-0.0230720601975917,0.3635293841361999,0.5575690269470215,-0.0287539064884185,0.3272581696510315,0.5236945748329163,-0.0347820632159709,0.4721162915229797,0.4609867632389068,0.0010517948539927,0.4678285717964172,0.3594761490821838,-0.0099403597414493,0.4673206508159637,0.2974637448787689,-0.0236534252762794,0.4691328108310699,0.2444602847099304,-0.035387098789215,0.5213784575462341,0.4584277272224426,-0.0066776038147509,0.5359402894973755,0.3414201736450195,-0.012363170273602,0.5450643301010132,0.2678996324539184,-0.0230057463049888,0.5514076352119446,0.2087984383106231,-0.0325325317680835,0.5652792453765869,0.4828884899616241,-0.0195971447974443,0.5967020988464355,0.3820544779300689,-0.0307957548648118,0.612873375415802,0.3162819743156433,-0.0443078577518463,0.6232971549034119,0.2572270631790161,-0.055580835789442,0.6012035012245178,0.527471125125885,-0.0352433063089847,0.6470584273338318,0.4666377007961273,-0.0481570065021514,0.6753193140029907,0.4214463233947754,-0.0562980733811855,0.699399471282959,0.3768905401229858,-0.0630194768309593
2023-08-01 15:55:49.099752,7,285,0.6841711401939392,0.6094326972961426,-0.152443528175354,0.3704897463321686,-0.0654296875,0.91845703125,0.43310546875,0.5038765668869019,0.770187497138977,4.5312043539524893e-07,0.4415647387504577,0.7102476358413696,-0.0176044702529907,0.3961331248283386,0.6179499626159668,-0.0236991997808218,0.364980012178421,0.5579918622970581,-0.0304001681506633,0.3286353349685669,0.5240069627761841,-0.0375959314405918,0.4714957177639007,0.4579362869262695,7.395433931378648e-05,0.4673733711242676,0.3565766215324402,-0.0113833518698811,0.4666575789451599,0.2943684458732605,-0.0255943182855844,0.4685344696044922,0.2410033345222473,-0.0378385782241821,0.5210327506065369,0.4556317925453186,-0.0082156248390674,0.535846471786499,0.3392740190029144,-0.0146713415160775,0.545141339302063,0.2665531635284424,-0.0265019331127405,0.552219033241272,0.2068873941898346,-0.0371420234441757,0.5648085474967957,0.4802841544151306,-0.021487945690751,0.5966138243675232,0.3798387348651886,-0.0334615148603916,0.6133441925048828,0.3145421743392944,-0.0480635426938533,0.624622106552124,0.2550516724586487,-0.0603046491742134,0.6006314158439636,0.5252457857131958,-0.0373225398361682,0.6468777656555176,0.4640208482742309,-0.0507552064955234,0.6753667593002319,0.4193579852581024,-0.0592963881790638,0.6995701789855957,0.374719887971878,-0.0664944872260093
2023-08-01 15:55:49.145060,8,286,0.6834204792976379,0.609847366809845,-0.1516828685998916,0.3715037107467651,-0.02294921875,0.9208984375,0.33056640625,0.5025180578231812,0.7674519419670105,4.4634640516960644e-07,0.4408653378486633,0.7092584371566772,-0.0183170828968286,0.3946629762649536,0.6183937191963196,-0.0250631738454103,0.3635749220848083,0.5588023662567139,-0.0322531759738922,0.3295686841011047,0.5228517055511475,-0.0398843623697757,0.47092205286026,0.4572651982307434,-0.0020086257718503,0.4666264355182647,0.3552556931972503,-0.0141049418598413,0.4654976427555084,0.2928776741027832,-0.0285379234701395,0.4668337702751159,0.2398206293582916,-0.0407280214130878,0.5200082063674927,0.4545955955982208,-0.0099284583702683,0.5348721742630005,0.3379931449890136,-0.0170927811414003,0.5439171195030212,0.2651895880699157,-0.0291490238159894,0.5507107973098755,0.2060112357139587,-0.03978006914258,0.5635131597518921,0.4781859815120697,-0.0227829534560441,0.5947859883308411,0.3770195245742798,-0.0352996066212654,0.6116273403167725,0.3109579384326935,-0.0502804331481456,0.6231530904769897,0.2518606185913086,-0.0626135393977165,0.598871111869812,0.5221479535102844,-0.0381949357688427,0.6450464725494385,0.4607242047786712,-0.0520417727530002,0.6740779876708984,0.4161007404327392,-0.0608417205512523,0.6988128423690796,0.372609794139862,-0.0680439919233322
2023-08-01 15:55:49.195727,9,287,0.6831921935081482,0.6100800633430481,-0.1496232897043228,0.3723755478858948,-0.00732421875,0.87744140625,0.44873046875,0.5043125748634338,0.7643083333969116,4.369054806829809e-07,0.4425796866416931,0.7061150074005127,-0.0176343247294425,0.3962282240390777,0.6139307618141174,-0.0233810618519783,0.3644777536392212,0.5543486475944519,-0.0296196974813938,0.3297758102416992,0.519277811050415,-0.0363090485334396,0.4702837467193603,0.4542341232299804,-0.0004986659623682,0.4657860398292541,0.3523441851139068,-0.012046456336975,0.4650160670280456,0.2903776168823242,-0.0262029338628053,0.4663780629634857,0.2374764084815979,-0.0382084921002388,0.519564688205719,0.4507179856300354,-0.0084371818229556,0.5336592793464661,0.3338818252086639,-0.01454409211874,0.5425209403038025,0.2613048553466797,-0.0259927902370691,0.5488547682762146,0.2021845877170562,-0.0363346524536609,0.5635160803794861,0.474011093378067,-0.0213477406650781,0.5943343043327332,0.3724733591079712,-0.0330033116042614,0.6112688183784485,0.3063705563545227,-0.0477624759078025,0.6227766871452332,0.2468765676021576,-0.0600983388721942,0.5992727279663086,0.5176035165786743,-0.0368057191371917,0.6443126201629639,0.455354630947113,-0.0502640642225742,0.6727160215377808,0.4111408293247223,-0.0589719787240028,0.6969386339187622,0.3678243160247803,-0.0662005320191383
2023-08-01 15:55:49.257206,10,288,0.6822817325592041,0.6108700037002563,-0.1506191939115524,0.3723486959934234,-0.1201171875,0.9111328125,0.37646484375,0.5073084831237793,0.7562609910964966,4.159272464221432e-07,0.4441478550434112,0.6965077519416809,-0.0173783991485834,0.3969357907772064,0.6019657850265503,-0.0231031533330678,0.3652363419532776,0.5369571447372437,-0.0294911600649356,0.3320959210395813,0.4992671608924866,-0.0364220440387725,0.4754547476768493,0.4488267302513122,-9.030474757310004e-05,0.470499187707901,0.347646415233612,-0.0120290191844105,0.4679013788700104,0.2850880026817322,-0.0268941558897495,0.4675351977348327,0.2301139831542968,-0.0398694165050983,0.5237976312637329,0.4443777501583099,-0.008835969492793,0.5363532900810242,0.3261747062206268,-0.0166170187294483,0.5434256792068481,0.2522369921207428,-0.0297163948416709,0.5481427311897278,0.1905530393123626,-0.0413943715393543,0.5666670799255371,0.4667549431324005,-0.0224315803498029,0.596606433391571,0.3651450276374817,-0.0356458164751529,0.6134318709373474,0.2977237999439239,-0.0514213517308235,0.6250334978103638,0.2370322346687317,-0.0645524859428405,0.6014752388000488,0.5091230869293213,-0.0385033637285232,0.6449345946311951,0.443504273891449,-0.0534039326012134,0.6734710335731506,0.3980274498462677,-0.0627379044890403,0.6982364654541016,0.3534364700317383,-0.0705190747976303
2023-08-01 15:55:49.316413,11,289,0.6830410957336426,0.6111149787902832,-0.1449240744113922,0.3728140294551849,-0.05615234375,0.8935546875,0.35009765625,0.5088622570037842,0.7485884428024292,3.5164421774425136e-07,0.4464961588382721,0.6871415376663208,-0.02093324996531,0.4004415869712829,0.5937530398368835,-0.0306817386299371,0.3704831600189209,0.5226616859436035,-0.0408071987330913,0.3395481705665588,0.4740048348903656,-0.0512364879250526,0.4802193641662597,0.4502299726009369,-0.0036741096992045,0.4739527106285095,0.3516029715538025,-0.0192795284092426,0.4695883691310882,0.289311408996582,-0.0373076945543289,0.4684349000453949,0.2334331274032592,-0.0523446910083293,0.5269980430603027,0.4433257281780243,-0.0120882261544466,0.5354568958282471,0.3264504075050354,-0.0233732890337705,0.5389003157615662,0.2517560720443725,-0.0386032052338123,0.5406290888786316,0.1880304813385009,-0.0518257170915603,0.5683543682098389,0.4626897573471069,-0.0256778504699468,0.5963576436042786,0.3596057891845703,-0.0411447510123252,0.6099539995193481,0.2898118495941162,-0.0561392232775688,0.6181424260139465,0.2262893617153167,-0.0687673687934875,0.6025025844573975,0.5029363632202148,-0.0421684272587299,0.6439021825790405,0.4348718822002411,-0.0576304495334625,0.6698436737060547,0.3850418329238891,-0.0658714100718498,0.6916572451591492,0.3353248536586761,-0.073022685945034
2023-08-01 15:55:49.382038,12,290,0.6754898428916931,0.6203436255455017,-0.1474127918481826,0.3703467845916748,-0.13232421875,0.92529296875,0.32666015625,0.5074440836906433,0.7476025819778442,2.4123218622662534e-07,0.4457263946533203,0.6787161827087402,-0.0183560587465763,0.4058418869972229,0.5793159008026123,-0.0257276892662048,0.3806501030921936,0.4995275139808655,-0.0346334129571914,0.352395623922348,0.4418177306652069,-0.0438126847147941,0.4858016669750213,0.4567675292491913,0.0047407099045813,0.4815897345542907,0.363027274608612,-0.0119107868522405,0.4758948385715484,0.3024340271949768,-0.0319709368050098,0.4724943041801452,0.2463597953319549,-0.0485614575445652,0.5301840305328369,0.4504664838314056,-0.0047799544408917,0.5353274941444397,0.3385508358478546,-0.0178451873362064,0.5351436138153076,0.2639613747596741,-0.0360555984079837,0.5333245992660522,0.1985209584236145,-0.0511621199548244,0.5696991086006165,0.4684213995933532,-0.0195656083524227,0.5918599963188171,0.3671721816062927,-0.0355721116065979,0.6014444828033447,0.2965241074562073,-0.0503989234566688,0.6054267287254333,0.2318332195281982,-0.0628053769469261,0.6034578680992126,0.5069466829299927,-0.0372104570269584,0.6376062631607056,0.4412171840667724,-0.0519086048007011,0.6575787663459778,0.3908730447292328,-0.0590454153716564,0.6726663708686829,0.342157244682312,-0.0654339268803596
2023-08-01 15:55:49.440083,13,291,0.6738223433494568,0.6207866668701172,-0.1486840397119522,0.3721294403076172,-0.107421875,0.9189453125,0.33935546875,0.5108842849731445,0.7501646280288696,-2.813399646584003e-07,0.4504343271255493,0.6715333461761475,-0.0109202750027179,0.4137248694896698,0.5693731307983398,-0.0131263677030801,0.4024084210395813,0.4791783690452575,-0.0199762731790542,0.3992484509944916,0.4061915576457977,-0.0232320465147495,0.4917072057723999,0.4738910794258117,0.0363609455525875,0.4911704063415527,0.3933713734149933,0.0169571284204721,0.4778662621974945,0.3739027380943298,-0.0057816235348582,0.4631238877773285,0.3841099441051483,-0.0177788455039262,0.5288287401199341,0.4661364555358886,0.0304228365421295,0.5322241187095642,0.3680269420146942,0.0183275435119867,0.519831657409668,0.3367088437080383,0.0018643999937921,0.5003498196601868,0.3511035442352295,-0.0069302404299378,0.5635966062545776,0.4771961569786072,0.0172172114253044,0.5762746930122375,0.383692592382431,0.0063214059919118,0.5609194040298462,0.3432031869888305,-0.0015177917666733,0.5357425808906555,0.3455666303634643,-0.0039529637433588,0.5994656085968018,0.5067917704582214,0.0009747099829837,0.6153690814971924,0.434134304523468,-0.0071164090186357,0.5981928110122681,0.400707870721817,-0.0096167623996734,0.567974328994751,0.401451051235199,-0.0084187975153326
2023-08-01 15:55:49.498950,14,292,0.6725110411643982,0.62225341796875,-0.1498943418264389,0.3715660274028778,0.060546875,0.89892578125,0.35107421875,0.5064042806625366,0.7401518821716309,-2.0029067115956425e-07,0.448032021522522,0.666054904460907,-0.0108167799189686,0.414995014667511,0.5628379583358765,-0.0109563618898391,0.4064035415649414,0.4759963452816009,-0.0157064888626337,0.4035446643829345,0.405069351196289,-0.0170514434576034,0.4857626855373382,0.4786697626113891,0.0358858779072761,0.4891868531703949,0.4040006995201111,0.0186022315174341,0.4806575179100036,0.3802573084831238,-0.00221609021537,0.4709818065166473,0.3819125890731811,-0.0138324564322829,0.5224269032478333,0.4717589914798736,0.030241210013628,0.5277265906333923,0.3745028376579284,0.0160302817821502,0.5152966976165771,0.3494292497634887,-0.0015189218102023,0.4990464448928833,0.3709144294261932,-0.0100100673735141,0.5570716857910156,0.4810964465141296,0.0179607048630714,0.5754519104957581,0.383463442325592,0.0049587688408792,0.558350682258606,0.353907823562622,-0.0040746983140707,0.5353389382362366,0.3710738718509674,-0.0059883771464228,0.5929182767868042,0.5074471831321716,0.0028160985093563,0.608150839805603,0.4324386715888977,-0.0067339274100959,0.5898686647415161,0.4008227288722992,-0.0107545284554362,0.5621325373649597,0.407913327217102,-0.0100824125111103
2023-08-01 15:55:49.552966,15,293,0.6721628308296204,0.6223763823509216,-0.1493886709213256,0.372193306684494,-0.033203125,0.92578125,0.38330078125,0.5033729672431946,0.7271945476531982,-2.275035768661837e-07,0.4463404417037964,0.6597994565963745,-0.0134794330224394,0.4136867523193359,0.5604021549224854,-0.0167434588074684,0.405857652425766,0.4743402004241943,-0.0241838358342647,0.4085266888141632,0.4029625654220581,-0.0279992595314979,0.4845390021800995,0.4729102551937103,0.0298496391624212,0.4921099841594696,0.3938770890235901,0.0081489514559507,0.4796198010444641,0.3817908763885498,-0.0147753497585654,0.4678214788436889,0.4016883075237274,-0.0266571883112192,0.5213786959648132,0.4677358567714691,0.0244130250066518,0.53415846824646,0.3658834099769592,0.005707514937967,0.516906201839447,0.3516599535942077,-0.0130504611879587,0.4978746771812439,0.3863369822502136,-0.0212001614272594,0.556176483631134,0.4789414405822754,0.012085573747754,0.5748448967933655,0.379047691822052,-0.0031896999571472,0.5532318949699402,0.3618094325065613,-0.0132549302652478,0.5300856828689575,0.3908564448356628,-0.0156708322465419,0.5926328301429749,0.5064619183540344,-0.0032152247149497,0.6064077019691467,0.4289554357528686,-0.0135458027943968,0.5859425067901611,0.4088755548000335,-0.0178619250655174,0.5592057704925537,0.4274727404117584,-0.0176947973668575
2023-08-01 15:55:49.608785,16,294,0.6719154119491577,0.6226983070373535,-0.1514972448348999,0.3712480962276459,0.09765625,0.912109375,0.39892578125,0.5040907859802246,0.7216156721115112,-2.940406034213084e-07,0.4453381896018982,0.6529898643493652,-0.0169201996177434,0.4111964106559753,0.559110701084137,-0.022536713629961,0.4045701920986175,0.471663236618042,-0.0327699221670627,0.4108501076698303,0.3991866111755371,-0.0388421528041362,0.4821682274341583,0.4721570014953613,0.0311726815998554,0.4907468855381012,0.3891185522079468,0.0045119621790945,0.4768814146518707,0.3918389976024627,-0.0213355161249637,0.4671314060688019,0.4289984107017517,-0.0339510552585125,0.518866240978241,0.4666122794151306,0.026797991245985,0.5327640175819397,0.3603414893150329,0.0014455056516453,0.5129468441009521,0.3614775538444519,-0.0211034025996923,0.4969086349010467,0.408022791147232,-0.0297379326075315,0.5530456304550171,0.4759861528873443,0.014702727086842,0.5711054801940918,0.3749981522560119,-0.0050747753120958,0.5484613180160522,0.3716542720794678,-0.0174185391515493,0.5294982194900513,0.4117380976676941,-0.0193128287792205,0.5896867513656616,0.5002926588058472,-0.0006068699294701,0.6026783585548401,0.4202644228935241,-0.0115125132724642,0.5825191736221313,0.4037087857723236,-0.016318567097187,0.5592975616455078,0.4263081550598144,-0.0157914236187934
2023-08-01 15:55:49.655860,17,295,0.6717546582221985,0.6222942471504211,-0.1523233354091644,0.3718779385089874,-0.1015625,0.91796875,0.33984375,0.5147814154624939,0.7223414182662964,-4.878895083493262e-07,0.4480331540107727,0.6444402933120728,-0.0111526846885681,0.4169192910194397,0.5495085716247559,-0.0159928146749734,0.426487386226654,0.460985392332077,-0.0277655124664306,0.4639641642570495,0.4097074866294861,-0.0361278466880321,0.4789558947086334,0.4804415106773376,0.0347485914826393,0.4841793179512024,0.4013361632823944,0.0107650067657232,0.4671814739704132,0.4333327412605285,-0.0119863972067832,0.4630560278892517,0.4822372794151306,-0.0241849441081285,0.5125873684883118,0.4735614657402038,0.0269921123981475,0.5255715847015381,0.373874694108963,-0.0001630737824598,0.5050643682479858,0.4128329753875732,-0.0194769259542226,0.4987654089927673,0.4702703952789306,-0.0248384270817041,0.5484969615936279,0.4799274504184723,0.0126181291416287,0.5661367774009705,0.372483491897583,-0.0122827058658003,0.5437663793563843,0.4050858914852142,-0.0191404055804014,0.5346894860267639,0.4647261202335357,-0.0155314346775412,0.5866310000419617,0.5001192688941956,-0.0040602860972285,0.5925340056419373,0.4195657968521118,-0.0193035341799259,0.5709548592567444,0.4336519837379455,-0.0196318570524454,0.5571204423904419,0.4800203740596771,-0.0147095182910561
2023-08-01 15:55:49.714394,18,296,0.6707437038421631,0.6226524114608765,-0.1577362716197967,0.3708452880382538,0.10498046875,0.8896484375,0.44482421875,0.5147661566734314,0.7179065346717834,-5.060292096459307e-07,0.4505723714828491,0.6457803249359131,-0.0125970840454101,0.4173762798309326,0.5500540733337402,-0.0184728018939495,0.4294111132621765,0.4605740308761596,-0.031148076057434,0.4738582968711853,0.4132666885852813,-0.0400435030460357,0.479094386100769,0.4832075834274292,0.0309772118926048,0.4907001852989197,0.397020012140274,0.0028525583911687,0.4746632575988769,0.4417037665843963,-0.0199034847319126,0.4701911509037018,0.4971208572387695,-0.0303773265331983,0.5136421322822571,0.4783909916877746,0.0236954893916845,0.5300523638725281,0.3726501166820526,-0.0067606489174067,0.5089058876037598,0.4273315668106079,-0.0237755365669727,0.5039888024330139,0.488457977771759,-0.0253053326159715,0.5499212145805359,0.4843608140945434,0.0095149977132678,0.5681170225143433,0.3764484524726867,-0.0172536112368106,0.544366180896759,0.4261277318000793,-0.0193001292645931,0.5372254252433777,0.48933145403862,-0.0103399427607655,0.5879288911819458,0.5039545297622681,-0.0072039375081658,0.5944639444351196,0.421819269657135,-0.020988130941987,0.572432279586792,0.4469732046127319,-0.0175686087459325,0.5618242621421814,0.4943976700305938,-0.0092542376369237
2023-08-01 15:55:49.764847,19,297,0.6686612963676453,0.623243510723114,-0.1621719598770141,0.3716986179351806,0.0302734375,0.87060546875,0.49658203125,0.5157783031463623,0.723105788230896,-5.302082968228206e-07,0.4515924155712127,0.6499064564704895,-0.011821586638689,0.418025255203247,0.5504319667816162,-0.0172959771007299,0.4319015145301819,0.4623226225376129,-0.0296231620013713,0.4802469313144684,0.4222820699214935,-0.0380571410059928,0.4776278734207153,0.4892541766166687,0.0303232334554195,0.4845555424690246,0.4016327857971191,0.0025744286831468,0.4698535799980163,0.4527067840099334,-0.0190589912235736,0.4694215953350067,0.5082407593727112,-0.028914900496602,0.5121951103210449,0.4845567941665649,0.0230615306645631,0.5237303972244263,0.3806970119476318,-0.0072002564556896,0.5043100118637085,0.4417315125465393,-0.0222166571766138,0.5038912296295166,0.5022351741790771,-0.0220910906791687,0.5484438538551331,0.489127904176712,0.0090491166338324,0.5606759786605835,0.37887042760849,-0.0176037214696407,0.5386216044425964,0.4359549283981323,-0.0162464249879121,0.5359542369842529,0.5010628700256348,-0.0045525813475251,0.5862282514572144,0.5070630311965942,-0.0075129237957298,0.5861002206802368,0.4242577850818634,-0.0210095774382352,0.5652074813842773,0.4534846544265747,-0.015579224564135,0.5593410134315491,0.5020884871482849,-0.0055493731051683
2023-08-01 15:55:49.811170,20,298,0.6676785945892334,0.6235007047653198,-0.1614599823951721,0.3733400702476501,0.064453125,0.970703125,0.27783203125,0.5168759822845459,0.7240867018699646,-5.02528848755901e-07,0.450199693441391,0.6525847911834717,-0.0098337931558489,0.4146129488945007,0.5528780817985535,-0.0143891293555498,0.4316821694374084,0.4671195745468139,-0.026200933381915,0.4859498739242553,0.4394951462745666,-0.0351063497364521,0.4723415076732635,0.4977577030658722,0.0325643792748451,0.4719782471656799,0.4122326374053955,0.0067324582487344,0.458615779876709,0.4606387019157409,-0.0143017126247286,0.4600265324115753,0.5099876523017883,-0.0244126971811056,0.5087668895721436,0.4920638799667358,0.0241559203714132,0.517409086227417,0.3875754475593567,-0.0043187444098293,0.4980903565883636,0.4461089968681335,-0.0195536892861127,0.4972988665103912,0.5021886229515076,-0.0200689546763896,0.5468086004257202,0.4952844083309173,0.0093778911978006,0.5568249821662903,0.3850716650485992,-0.016793169081211,0.5345681309700012,0.4444591701030731,-0.0157969146966934,0.5319551229476929,0.5076578259468079,-0.0044837431050837,0.5867277979850769,0.5121378898620605,-0.00767521886155,0.5829647183418274,0.4300724267959595,-0.0203226339071989,0.5619320273399353,0.4633795022964477,-0.0139654856175184,0.5574955344200134,0.5115349888801575,-0.0036701301578432
2023-08-01 15:55:49.860144,21,299,0.6657857298851013,0.6234285235404968,-0.1638168394565582,0.3758062422275543,0.03515625,0.95849609375,0.35400390625,0.5166168808937073,0.7239218950271606,-5.11296377680992e-07,0.451178103685379,0.654069721698761,-0.0069787972606718,0.4147765934467315,0.5598717331886292,-0.0112937772646546,0.430381715297699,0.4779428541660309,-0.0227662455290555,0.4837913811206817,0.4555620551109314,-0.0310350805521011,0.4735895097255707,0.5003025531768799,0.0284775253385305,0.4740073084831238,0.4102244973182678,0.0015207016840577,0.4587535560131073,0.4607175886631012,-0.0186422783881425,0.4595997631549835,0.5113604664802551,-0.0278348065912723,0.5090013146400452,0.4983009696006775,0.0189999528229236,0.5158342123031616,0.3941973745822906,-0.0092340148985385,0.4963350892066955,0.4537594020366668,-0.0221231766045093,0.4974212050437927,0.5063870549201965,-0.0214912481606006,0.5463585257530212,0.5034559965133667,0.0036875696387141,0.5550524592399597,0.3924674391746521,-0.0211514141410589,0.5328236818313599,0.4533519148826599,-0.016663309186697,0.5318104028701782,0.5136624574661255,-0.0037240192759782,0.5861205458641052,0.5219900608062744,-0.0137448357418179,0.5808961391448975,0.4407123923301697,-0.0246527437120676,0.5593198537826538,0.4760816693305969,-0.0160016845911741,0.5562325716018677,0.5218194723129272,-0.0045425873249769
2023-08-01 15:55:49.920573,22,300,0.6646962761878967,0.6235301494598389,-0.165282517671585,0.3769227862358093,0.009765625,0.92041015625,0.39697265625,0.5120851397514343,0.7296513319015503,-6.321520800156577e-07,0.4510696530342102,0.6626662015914917,-0.0055906889028847,0.4103476107120514,0.563866138458252,-0.008103983476758,0.4288325011730194,0.4864578247070312,-0.0168007090687751,0.4832218587398529,0.4875601530075073,-0.0217002928256988,0.4712664783000946,0.5041294097900391,0.0214331969618797,0.4740632176399231,0.4191743731498718,-0.0058675683103501,0.458661675453186,0.4828560054302215,-0.0216278936713933,0.459833413362503,0.5227896571159363,-0.0290164276957511,0.5080576539039612,0.5052853226661682,0.0116983093321323,0.5096437335014343,0.4150363206863403,-0.0174556765705347,0.4919723272323608,0.4877453744411468,-0.0232468396425247,0.4968785941600799,0.5244339108467102,-0.0180133953690528,0.5466134548187256,0.5121299028396606,-0.0037874123081564,0.5475862622261047,0.4157232940196991,-0.0281707253307104,0.5283920764923096,0.4862170219421386,-0.0164392944425344,0.5323814153671265,0.5265858769416809,8.54952959343791e-05,0.5878375768661499,0.5306513905525208,-0.0213570222258567,0.5741896033287048,0.4619665741920471,-0.0298009440302848,0.55572509765625,0.5082389116287231,-0.0170008689165115,0.5597903728485107,0.5419127345085144,-0.0037753405049443
2023-08-01 15:55:49.968006,23,301,0.6644020676612854,0.6238498687744141,-0.165129005908966,0.3769796192646026,0.04150390625,0.93408203125,0.36865234375,0.5093616247177124,0.7249988317489624,-6.150916647129634e-07,0.4458267986774444,0.6610584259033203,-0.0073005161248147,0.4091517925262451,0.5613316297531128,-0.0097503792494535,0.4302935600280761,0.4852882623672485,-0.0176978632807731,0.4805033504962921,0.4916142225265503,-0.021520297974348,0.4724757075309753,0.5085315108299255,0.019174164161086,0.4704537093639374,0.4273578226566314,-0.0096156960353255,0.4567055702209472,0.493089884519577,-0.025493199005723,0.4613954126834869,0.5291174650192261,-0.0328016206622123,0.5087875723838806,0.5104816555976868,0.0104613499715924,0.5068862438201904,0.4231759905815124,-0.0197309479117393,0.4894801378250122,0.497452050447464,-0.0243046265095472,0.4979808926582336,0.5281791090965271,-0.0179612878710031,0.5463488698005676,0.5191072821617126,-0.0043284525163471,0.5447323322296143,0.4237591624259949,-0.0301547143608331,0.5248046517372131,0.4968136847019195,-0.0167067907750606,0.53266841173172,0.5320742726325989,0.0012306119315326,0.5877116918563843,0.5380429029464722,-0.0213432908058166,0.5721891522407532,0.4712664783000946,-0.0313857682049274,0.5530393123626709,0.5185911059379578,-0.0185113158077001,0.560494601726532,0.5481641888618469,-0.0049022482708096
2023-08-01 15:55:50.026567,24,302,0.6631080508232117,0.6243974566459656,-0.1660368740558624,0.3779515624046325,-0.01318359375,0.9248046875,0.37109375,0.5099172592163086,0.7227002382278442,-6.076859335735207e-07,0.4455072283744812,0.6600196957588196,-0.0080860871821641,0.4089834690093994,0.5621447563171387,-0.0104830591008067,0.431771457195282,0.4898593425750732,-0.017832763493061,0.482264906167984,0.4969614148139953,-0.0210127104073762,0.4737259149551391,0.5089272260665894,0.0179156921803951,0.4702550768852234,0.4336275458335876,-0.0105334566906094,0.4562284350395202,0.4976044595241546,-0.0262920223176479,0.4616023302078247,0.5314638018608093,-0.0337582267820835,0.509901762008667,0.5105753540992737,0.0100092375651001,0.507085382938385,0.4283199906349182,-0.0202866289764642,0.4892112016677856,0.5024521350860596,-0.0246289521455764,0.4985473155975342,0.5326798558235168,-0.0180363450199365,0.5467828512191772,0.5195164084434509,-0.0039824238047003,0.5444360971450806,0.43057382106781,-0.0299063362181186,0.5240054726600647,0.5031960010528564,-0.0167730301618576,0.5331284999847412,0.5373966693878174,0.0009989469544962,0.5880105495452881,0.5391462445259094,-0.0202333703637123,0.5721651315689087,0.4761137068271637,-0.0308686289936304,0.5531619787216187,0.5222741961479187,-0.0188067555427551,0.5618922710418701,0.5500469207763672,-0.0056734401732683
2023-08-01 15:55:50.078956,25,303,0.6625059247016907,0.6242386698722839,-0.1649159938097,0.3797562420368194,0.01171875,0.93115234375,0.3828125,0.5106254816055298,0.7215622067451477,-6.009726121192216e-07,0.4457674026489258,0.6613725423812866,-0.0091232908889651,0.4099243581295013,0.563531219959259,-0.0118497796356678,0.433921605348587,0.4933089017868042,-0.0191166866570711,0.4833748936653137,0.5018682479858398,-0.0223351139575243,0.4740156233310699,0.5114069581031799,0.0152124827727675,0.4709637463092804,0.438813179731369,-0.0133197279646992,0.456227034330368,0.5022204518318176,-0.0285116098821163,0.4610187411308288,0.5341147780418396,-0.0356727242469787,0.5103446841239929,0.512803316116333,0.0077869333326816,0.5076630115509033,0.4332018792629242,-0.0230379868298769,0.4899940192699432,0.5064516067504883,-0.0268664862960577,0.4994162023067474,0.5352632999420166,-0.0198076609522104,0.5471173524856567,0.5218080878257751,-0.0056810537353158,0.5440524816513062,0.4371203482151031,-0.031971450895071,0.5246826410293579,0.5089322328567505,-0.0186372324824333,0.5344346761703491,0.5409350991249084,-0.0007913399022072,0.5882612466812134,0.5415616631507874,-0.0214888080954551,0.572315514087677,0.4816206097602844,-0.032842356711626,0.5545187592506409,0.5272435545921326,-0.0211093518882989,0.5638854503631592,0.5535868406295776,-0.0081664435565471
2023-08-01 15:55:50.135585,26,304,0.6617577075958252,0.6244851350784302,-0.1637785136699676,0.3811453878879547,0.02978515625,0.91552734375,0.3671875,0.5122411847114563,0.7214460372924805,-5.942991947449627e-07,0.4472773671150207,0.6641769409179688,-0.010144704952836,0.4110887944698334,0.5646977424621582,-0.0127866705879569,0.4358328878879547,0.4945088028907776,-0.0195790641009807,0.4858352243900299,0.5047663450241089,-0.0223580822348594,0.4760180115699768,0.5148655772209167,0.013514045625925,0.4716709554195404,0.4436942934989929,-0.0145340505987405,0.457104742527008,0.5063683390617371,-0.0291507542133331,0.4626328349113464,0.5374045968055725,-0.0361551120877265,0.5118414759635925,0.5151426792144775,0.0068311574868857,0.5075831413269043,0.4378845393657684,-0.0234369989484548,0.4899331331253052,0.5105768442153931,-0.0264296121895313,0.500280499458313,0.5371580123901367,-0.0189857985824346,0.547947347164154,0.5237709283828735,-0.0059263533912599,0.5435606837272644,0.4417428970336914,-0.0323336347937583,0.5240809917449951,0.5137079358100891,-0.0189051423221826,0.5345991849899292,0.5438204407691956,-0.0011427811114117,0.5886576175689697,0.5428869724273682,-0.0210650600492954,0.5716792941093445,0.4848283529281616,-0.0329791642725467,0.554011344909668,0.5309836864471436,-0.0216270480304956,0.5640672445297241,0.5564425587654114,-0.0090333567932248
2023-08-01 15:55:50.186144,27,305,0.661491870880127,0.6244066953659058,-0.1628568321466446,0.3821288347244262,0.04638671875,0.92236328125,0.3505859375,0.5154408812522888,0.7236863374710083,-5.881069569113606e-07,0.4495532810688019,0.6658717393875122,-0.0093512097373604,0.4149793982505798,0.5682861804962158,-0.0120988693088293,0.4398148953914642,0.5002341270446777,-0.0187025945633649,0.4882446229457855,0.5099151730537415,-0.0215377695858478,0.4841980338096618,0.5174518823623657,0.0110042095184326,0.4782524406909942,0.4490753412246704,-0.0162313785403966,0.462562620639801,0.5096332430839539,-0.0299746729433536,0.4691269397735595,0.5408623218536377,-0.03666677698493,0.5179769992828369,0.5182449221611023,0.0042960890568792,0.5109124183654785,0.4439548552036285,-0.0250517856329679,0.4928375780582428,0.5151095390319824,-0.0269672535359859,0.5054582953453064,0.5407828688621521,-0.0194223765283823,0.5517581105232239,0.5277336835861206,-0.0081226490437984,0.5434271693229675,0.4494198858737945,-0.0345259308815002,0.5239567756652832,0.5203911066055298,-0.0210344530642032,0.5368897318840027,0.5490034818649292,-0.0036460317205637,0.5898879170417786,0.5478057861328125,-0.0226814430207014,0.5677037835121155,0.4918760955333709,-0.0354024991393089,0.5504514575004578,0.5381457805633545,-0.024500910192728,0.5626550316810608,0.5628204941749573,-0.0123507045209407
2023-08-01 15:55:50.245875,28,306,0.6617541313171387,0.6249135136604309,-0.1644851863384246,0.3801437616348266,0.0302734375,0.91943359375,0.35888671875,0.514858067035675,0.7227146029472351,-5.689111617357412e-07,0.4509995877742767,0.6667340993881226,-0.010148599743843,0.4156320691108703,0.5699054598808289,-0.0136315980926156,0.4398183524608612,0.5009250640869141,-0.0207232739776372,0.4884059429168701,0.5092922449111938,-0.0239270273596048,0.4859882593154907,0.5175294876098633,0.0098061971366405,0.4825519323348999,0.4490765333175659,-0.0187757909297943,0.4644835591316223,0.5084114670753479,-0.0332073979079723,0.4705564975738525,0.5400766730308533,-0.0399521067738533,0.5196679830551147,0.5204862356185913,0.0033655513543635,0.5136817693710327,0.4464413821697235,-0.0270636193454265,0.4928875565528869,0.5157009959220886,-0.0292071085423231,0.5053663849830627,0.5408269166946411,-0.0215999372303485,0.552867591381073,0.5304733514785767,-0.0090079475194215,0.5459521412849426,0.4527047872543335,-0.037096481770277,0.5234913229942322,0.5227862596511841,-0.0237860195338726,0.5354676842689514,0.551884114742279,-0.0059602600522339,0.5900077819824219,0.5504769086837769,-0.0234894510358572,0.5689346790313721,0.493144154548645,-0.0377326719462871,0.5497561693191528,0.5406021475791931,-0.0271334126591682,0.5603960752487183,0.5675083994865417,-0.0146944439038634
2023-08-01 15:55:50.294527,29,307,0.662749707698822,0.6262602806091309,-0.1671843081712722,0.3749803304672241,0.10498046875,0.92724609375,0.31982421875,0.5153487920761108,0.7229831218719482,-5.430646297099884e-07,0.4503187835216522,0.6635468006134033,-0.0099079990759491,0.4166236221790313,0.5674548149108887,-0.0130041996017098,0.4406492710113525,0.4997857809066772,-0.0199135039001703,0.4889020919799804,0.5061736702919006,-0.0226880963891744,0.4872529804706573,0.5168883204460144,0.0129991294816136,0.4832706451416015,0.4483303725719452,-0.0148009117692708,0.466034322977066,0.5072991251945496,-0.0289270114153623,0.4735233187675476,0.5378883481025696,-0.0354496873915195,0.5198453068733215,0.5205263495445251,0.0064693768508732,0.5144370794296265,0.4467502236366272,-0.0238264314830303,0.4936119019985199,0.5150353312492371,-0.0265896283090114,0.5071088671684265,0.5394394397735596,-0.0191952902823686,0.5521652698516846,0.5308098793029785,-0.0061433920636773,0.5459157228469849,0.4527786076068878,-0.0337957851588726,0.5234273076057434,0.5207924246788025,-0.0209908746182918,0.53658527135849,0.5482736825942993,-0.0033820369280874,0.5884530544281006,0.5509071946144104,-0.020905340090394,0.5676499009132385,0.4928725063800812,-0.0342844501137733,0.5482068061828613,0.5389834642410278,-0.023559445515275,0.5596795082092285,0.5653876662254333,-0.0110226729884743
2023-08-01 15:55:50.357860,30,308,0.6656001210212708,0.6257812976837158,-0.1627018600702285,0.3726960122585296,-0.07861328125,0.951171875,0.36669921875,0.5144563913345337,0.7216095328330994,-5.486145937538822e-07,0.4501296579837799,0.6634998321533203,-0.0099532082676887,0.4173799157142639,0.5658325552940369,-0.0130574004724621,0.4398300349712372,0.4960862398147583,-0.0198647081851959,0.4864468872547149,0.5048249363899231,-0.0225422699004411,0.4915058016777038,0.5151963829994202,0.0124098770320415,0.4893797039985657,0.4461053609848022,-0.0149662420153617,0.4687962830066681,0.503388524055481,-0.0284963492304086,0.474553495645523,0.5349818468093872,-0.0346322879195213,0.5232434868812561,0.5196880102157593,0.0059451228007674,0.5182613134384155,0.4452804625034332,-0.0239768475294113,0.4945366382598877,0.5123744010925293,-0.0263212732970714,0.5077009797096252,0.5381629467010498,-0.0185989905148744,0.5547453761100769,0.5310612916946411,-0.0065085818059742,0.5484923124313354,0.4533922672271728,-0.0340083092451095,0.5236818194389343,0.5213445425033569,-0.0211086384952068,0.5362982153892517,0.5501458644866943,-0.0033345648553222,0.5898985862731934,0.5522714853286743,-0.0210959650576114,0.5691325664520264,0.4942600727081299,-0.034519363194704,0.5482173562049866,0.5397889614105225,-0.0239894967526197,0.5591010451316833,0.5670356750488281,-0.0115085709840059
2023-08-01 15:55:50.415830,31,309,0.6670394539833069,0.6252080202102661,-0.1578279286623001,0.3731803596019745,0.03857421875,0.90625,0.369140625,0.5167259573936462,0.7173476219177246,-4.956448833581817e-07,0.4521048069000244,0.6618833541870117,-0.0095006423071026,0.4212255179882049,0.5601888298988342,-0.0122592346742749,0.4461191296577453,0.4875990748405456,-0.0192250609397888,0.496478259563446,0.4836724400520324,-0.0224561598151922,0.4839873611927032,0.5119330286979675,0.0167112704366445,0.4848465919494629,0.4360614418983459,-0.00839713960886,0.469419777393341,0.4903409481048584,-0.0223595537245273,0.4752377271652221,0.5284292697906494,-0.0284988544881343,0.518961489200592,0.5126585960388184,0.0098533127456903,0.5213865637779236,0.4267809391021728,-0.0179075039923191,0.5008595585823059,0.4910820424556732,-0.023372359573841,0.5099964141845703,0.5287988185882568,-0.0173966381698846,0.554083526134491,0.522614598274231,-0.0026859259232878,0.5543695092201233,0.4307361543178558,-0.028831098228693,0.531923234462738,0.4952743649482727,-0.0193093903362751,0.5397719144821167,0.5352303981781006,-0.0035270703956484,0.5915522575378418,0.5440082550048828,-0.0171187911182642,0.5724406838417053,0.4806275367736816,-0.0317890234291553,0.552179217338562,0.524825394153595,-0.0233021955937147,0.5595893859863281,0.5589451193809509,-0.0118254572153091
2023-08-01 15:55:50.469128,32,310,0.667457640171051,0.6254281401634216,-0.1545201539993286,0.3734481930732727,-0.13330078125,0.99755859375,0.32177734375,0.5143374800682068,0.7207019329071045,-5.072921567261801e-07,0.4492194950580597,0.6620352268218994,-0.0099452249705791,0.4160439372062683,0.5626891851425171,-0.0136925419792532,0.4427684545516968,0.4884200692176819,-0.0219978503882884,0.4969720542430877,0.4717559218406677,-0.0276229549199342,0.4776263833045959,0.5176373720169067,0.016856875270605,0.4775691330432892,0.4378119707107544,-0.0075742364861071,0.4576166570186615,0.4895334243774414,-0.0231125112622976,0.4613049924373626,0.5324978232383728,-0.0305723119527101,0.5128464698791504,0.5152941942214966,0.0095990635454654,0.5190780162811279,0.4196710586547851,-0.0188226532191038,0.4936781525611877,0.4807770550251007,-0.0281799081712961,0.4985435605049133,0.5276217460632324,-0.0244882851839065,0.5493704080581665,0.521992027759552,-0.0028162444941699,0.555970311164856,0.4163344502449035,-0.0297393146902322,0.5279298424720764,0.4765993356704712,-0.0241517182439565,0.5299809575080872,0.5253744721412659,-0.0104640629142522,0.5882990956306458,0.5412972569465637,-0.0169235412031412,0.5712690353393555,0.4688798189163208,-0.0339233800768852,0.5475302338600159,0.512650728225708,-0.0269609931856393,0.5506619215011597,0.5552188754081726,-0.015849657356739
2023-08-01 15:55:50.527933,33,311,0.6677913069725037,0.6251790523529053,-0.1512311697006225,0.3746132850646972,-0.06982421875,0.90380859375,0.42822265625,0.5126351118087769,0.7217772006988525,-4.766711185766326e-07,0.4485329687595367,0.6576271057128906,-0.0124214980751276,0.4160532057285309,0.5597116947174072,-0.0177599024027586,0.4407479763031006,0.4832131862640381,-0.0276072975248098,0.4920909702777862,0.4561209678649902,-0.0349172987043857,0.4793222546577453,0.5171228051185608,0.0210398565977811,0.4829115569591522,0.4351261258125305,-0.0027625609654933,0.4619475305080414,0.4790568947792053,-0.0209078192710876,0.461353600025177,0.5256397724151611,-0.030212203040719,0.5139172077178955,0.5143612623214722,0.014947647228837,0.5237810611724854,0.4162697792053222,-0.0132950562983751,0.4978309273719787,0.4656702876091003,-0.0286907814443111,0.4949904084205627,0.5192225575447083,-0.0298264436423778,0.5502710938453674,0.5190870761871338,0.0035414944868534,0.5617588758468628,0.4074779152870178,-0.0241309367120265,0.5327971577644348,0.4570519924163818,-0.0255288947373628,0.5268363356590271,0.514342188835144,-0.0166444350033998,0.5884599685668945,0.5377660989761353,-0.0094989892095327,0.571934163570404,0.4670177698135376,-0.0289964452385902,0.5487421751022339,0.5053508281707764,-0.0265932716429233,0.5475509166717529,0.5522449016571045,-0.0184910278767347
2023-08-01 15:55:50.585760,34,312,0.6686023473739624,0.6246158480644226,-0.1497791558504104,0.3746892809867859,-0.00439453125,0.923828125,0.353515625,0.5119698643684387,0.7246893644332886,-4.719235562333779e-07,0.4464400112628937,0.6604862213134766,-0.0128506934270262,0.414858728647232,0.5659387707710266,-0.01914818957448,0.4361237287521362,0.4855439960956573,-0.0298759546130895,0.4805945158004761,0.4449352324008941,-0.0375510603189468,0.4809265434741974,0.5090465545654297,0.0190299749374389,0.4919966161251068,0.4211680293083191,-0.0065307142212986,0.4681353867053985,0.4613808095455169,-0.0253289956599473,0.4644052982330322,0.5129085779190063,-0.0343909785151481,0.5147709846496582,0.5066460967063904,0.0123133910819888,0.5319380164146423,0.4018213152885437,-0.0159909799695014,0.5032253265380859,0.4469462633132934,-0.0306628476828336,0.4973246455192566,0.5035452842712402,-0.0314852856099605,0.5506438612937927,0.513698160648346,2.546301948314067e-05,0.5670894384384155,0.402015745639801,-0.0274175275117158,0.5369621515274048,0.4483815729618072,-0.0282812546938657,0.5301279425621033,0.5069860219955444,-0.0194175168871879,0.5883998274803162,0.5352895259857178,-0.0140368156135082,0.5766469836235046,0.4616405069828033,-0.0335578732192516,0.5517178773880005,0.4975355267524719,-0.0307250376790761,0.5483255982398987,0.54558265209198,-0.0222690775990486
2023-08-01 15:55:50.635894,35,313,0.6703835725784302,0.6213445663452148,-0.146159142255783,0.3783574402332306,-0.01611328125,0.9296875,0.357421875,0.5074325799942017,0.7227526903152466,-4.925460643789847e-07,0.4443140625953674,0.661980390548706,-0.0136087639257311,0.4134121239185333,0.5706066489219666,-0.0202576480805873,0.4251606166362762,0.4867644309997558,-0.0314803384244442,0.4602247774600982,0.4354511797428131,-0.0389624759554863,0.4856264591217041,0.5015274882316589,0.0169421471655368,0.4983643889427185,0.4129874408245086,-0.0091517688706517,0.4725739359855652,0.4468564391136169,-0.0277454182505607,0.4661894142627716,0.4994687139987945,-0.0358802340924739,0.518592894077301,0.4997375905513763,0.0102687189355492,0.5351743102073669,0.3937497735023498,-0.0177040491253137,0.503959596157074,0.4344363808631897,-0.0307958088815212,0.4974577724933624,0.4931981265544891,-0.0304592382162809,0.5536983609199524,0.5082703828811646,-0.0022200094535946,0.569845974445343,0.3988214135169983,-0.0285083018243312,0.5381799340248108,0.4381561875343323,-0.0291307494044303,0.5317839980125427,0.4970808029174804,-0.0203550495207309,0.590988278388977,0.5303841829299927,-0.0167612005025148,0.5865000486373901,0.4516323506832123,-0.0344783924520015,0.5576919913291931,0.4783111810684204,-0.0315320193767547,0.5485939383506775,0.5280779004096985,-0.0231526792049407
2023-08-01 15:55:50.697187,36,314,0.671772301197052,0.6190898418426514,-0.1451367288827896,0.379980057477951,0.03271484375,0.908203125,0.39111328125,0.5018584132194519,0.723376989364624,-1.9715264443220806e-07,0.4405792951583862,0.6665604114532471,-0.0159744843840599,0.4089008569717407,0.573913037776947,-0.020032525062561,0.4080604314804077,0.4918771982192993,-0.027536628767848,0.4223998785018921,0.4275808334350586,-0.0315304994583129,0.4907477498054504,0.4874916672706604,0.0254203304648399,0.4930906295776367,0.408683568239212,0.0046769962646067,0.4799852669239044,0.3831523060798645,-0.0173473544418811,0.4662044942378998,0.3964343965053558,-0.0283196568489074,0.5282946825027466,0.484269917011261,0.0214671697467565,0.5379247665405273,0.389653742313385,0.0013141374802216,0.5220057964324951,0.376659095287323,-0.0182448476552963,0.5060584545135498,0.4174085557460785,-0.0252251420170068,0.5629721879959106,0.4941991567611694,0.0111294751986861,0.5784610509872437,0.4016265273094177,-0.0050470288842916,0.5580297112464905,0.3860354125499725,-0.0152954934164881,0.5404986143112183,0.4202391505241394,-0.016228824853897,0.5984050035476685,0.5179065465927124,-0.0022309403866529,0.6086437702178955,0.4456860423088074,-0.0144179863855242,0.5890995264053345,0.4203523695468902,-0.0196485538035631,0.5676963329315186,0.437563955783844,-0.0183213986456394
2023-08-01 15:55:50.744090,37,315,0.6731163859367371,0.617190420627594,-0.1434226185083389,0.3813401460647583,-0.0869140625,0.93603515625,0.30029296875,0.5005913376808167,0.7233017683029175,-1.7559136722411497e-07,0.4427571296691894,0.6663427352905273,-0.0154622001573443,0.410578191280365,0.5728693008422852,-0.0183516964316368,0.4053166806697845,0.4923010766506195,-0.0241623427718877,0.4121879935264587,0.4274089932441711,-0.0266849566251039,0.4952130913734436,0.4820282161235809,0.023896474391222,0.4954226315021515,0.4078601598739624,0.0084235491231083,0.4814132750034332,0.371165782213211,-0.0108791142702102,0.4633035659790039,0.3568038940429687,-0.0226669870316982,0.5320680141448975,0.4774179458618164,0.0199605412781238,0.5423709750175476,0.3875200152397156,0.0045519424602389,0.52518630027771,0.3565286993980407,-0.0117335459217429,0.5015563368797302,0.3696630895137787,-0.0187121964991092,0.5660902261734009,0.4877741634845733,0.0100156785920262,0.5827361345291138,0.3962880074977875,-0.0025054146535694,0.5649137496948242,0.3690961003303528,-0.0093725752085447,0.542310357093811,0.386157751083374,-0.0095843924209475,0.600138783454895,0.5131565928459167,-0.0032785153016448,0.6128135919570923,0.4419653117656708,-0.0138072706758975,0.5956137180328369,0.4071014523506164,-0.0180057976394891,0.5711606740951538,0.4094500541687011,-0.0169083718210458
2023-08-01 15:55:50.791248,38,316,0.6750333309173584,0.6153585314750671,-0.1432333141565323,0.3809829950332641,-0.00830078125,0.9052734375,0.435546875,0.5011927485466003,0.7227247953414917,-1.321728007042111e-07,0.4427922070026397,0.6628748178482056,-0.0138064008206129,0.4089494347572326,0.5714058876037598,-0.0164799988269805,0.4020723104476928,0.4915379285812378,-0.0211157612502574,0.4062680304050445,0.426768034696579,-0.0232007298618555,0.4943463206291199,0.4736868143081665,0.0242465492337942,0.4904075860977173,0.3976967632770538,0.016391322016716,0.479796290397644,0.3583930730819702,0.0007734280661679,0.4654692411422729,0.3270416855812073,-0.0121987303718924,0.5314783453941345,0.47049281001091,0.0204302612692117,0.5307820439338684,0.3866273164749145,0.0134823126718401,0.5186595916748047,0.3437276482582092,-0.0015720230294391,0.4980975091457367,0.3226032555103302,-0.0130720762535929,0.5656907558441162,0.482111781835556,0.0111515382304787,0.5758980512619019,0.3976316750049591,0.0031011037062853,0.5670702457427979,0.3578612804412842,-0.0065300106070935,0.5458837151527405,0.3406657576560974,-0.0132581703364849,0.600567102432251,0.5065673589706421,-0.0009946416830644,0.6145304441452026,0.4412371516227722,-0.0102772871032357,0.6081772446632385,0.4013972282409668,-0.0170301850885152,0.589454710483551,0.3777353167533874,-0.0211285147815942
2023-08-01 15:55:50.851407,39,317,0.6774056553840637,0.6130785346031189,-0.1422555446624755,0.3808144330978393,-0.048828125,0.90283203125,0.35400390625,0.5024465918540955,0.7195603847503662,-3.4844202190242874e-08,0.4423252642154693,0.6631084084510803,-0.0154930185526609,0.4080556631088257,0.5709277987480164,-0.019595356658101,0.398061990737915,0.4925762414932251,-0.0247686263173818,0.3978750705718994,0.4304107427597046,-0.0281549580395221,0.4934082627296448,0.471865713596344,0.0123426588252186,0.4900373816490173,0.3895082473754883,0.0003097863518632,0.4801822602748871,0.3435091376304626,-0.0165059883147478,0.4683127403259277,0.3036895990371704,-0.0299549549818038,0.5329990386962891,0.4664411842823028,0.0079884137958288,0.5328125953674316,0.3759959936141968,-0.0011113947257399,0.5222635865211487,0.320051908493042,-0.0162284895777702,0.5053284764289856,0.2739830017089844,-0.0285277552902698,0.5686465501785278,0.4770540595054626,-0.0013990640873089,0.5800083875656128,0.3917068839073181,-0.0113309901207685,0.5733080506324768,0.3403425812721252,-0.0220958087593317,0.5563724637031555,0.2969065904617309,-0.0305273588746786,0.6025689244270325,0.5022486448287964,-0.0135331694036722,0.618474006652832,0.4333214163780212,-0.0239316560328006,0.6150480508804321,0.3883044421672821,-0.0305539723485708,0.600435733795166,0.348742812871933,-0.0351879261434078
2023-08-01 15:55:50.903312,40,318,0.6786710619926453,0.611724853515625,-0.1420889794826507,0.3808004558086395,-0.07470703125,0.9521484375,0.3583984375,0.5041899681091309,0.719476580619812,8.46116705588429e-08,0.4442958235740661,0.6624118089675903,-0.0154884634539484,0.4099928140640259,0.5698504447937012,-0.0200226102024316,0.399050623178482,0.4933392107486725,-0.025375623255968,0.39250248670578,0.4314888417720794,-0.029529582709074,0.4919480681419372,0.4676928520202636,0.0067353011108934,0.4872623085975647,0.3807624876499176,-0.0062881386838853,0.4800536334514618,0.3287336230278015,-0.0230901539325714,0.4734928607940674,0.2807547152042389,-0.036752451211214,0.5325435996055603,0.462228775024414,0.0009132677223533,0.5327240228652954,0.3647111654281616,-0.0087308017536997,0.5260416269302368,0.2990977168083191,-0.0236184112727642,0.5160371661186218,0.2408046126365661,-0.0360791310667991,0.5690478086471558,0.4748681783676147,-0.009488464333117,0.5825756788253784,0.3840389549732208,-0.0199582707136869,0.5811076760292053,0.3248553276062011,-0.0306934230029582,0.5723314881324768,0.2721158862113952,-0.039740465581417,0.6017000675201416,0.5035731196403503,-0.0226093679666519,0.6223906874656677,0.437151163816452,-0.0333524420857429,0.627231240272522,0.3889562487602234,-0.0396011136472225,0.6241049766540527,0.3432339429855346,-0.0444757640361785
2023-08-01 15:55:50.961925,41,319,0.6802691221237183,0.6105027794837952,-0.1427245438098907,0.3796709775924682,0.0107421875,0.8818359375,0.4267578125,0.5044636130332947,0.7187179923057556,3.011975024946878e-07,0.442223310470581,0.6668923497200012,-0.0144791798666119,0.407346248626709,0.5725957155227661,-0.0178376473486423,0.3916576206684112,0.4973642230033874,-0.0217703580856323,0.3748660087585449,0.4402947425842285,-0.0254549942910671,0.4912072122097015,0.4541695117950439,0.0030740199144929,0.4864506721496582,0.3601313829421997,-0.0073320441879332,0.4832365214824676,0.2988187074661255,-0.0209873374551534,0.4831597208976745,0.2453051507472992,-0.0329831279814243,0.5353747606277466,0.4468728005886078,-0.0051687890663743,0.5391951203346252,0.3374924659729004,-0.0141850793734192,0.5416790246963501,0.2634569406509399,-0.0282000768929719,0.542432427406311,0.2032705843448639,-0.0398528799414634,0.5737113952636719,0.4620610475540161,-0.0175599586218595,0.5953556299209595,0.3619119822978973,-0.0317328236997127,0.6042412519454956,0.2936965227127075,-0.0481106080114841,0.6079812049865723,0.2337728142738342,-0.0608029328286647,0.6065623760223389,0.4948042631149292,-0.0318087898194789,0.6462742686271667,0.4251595437526703,-0.0474404767155647,0.6684024333953857,0.3728885054588318,-0.0586558207869529,0.6840277910232544,0.3220022320747375,-0.067292533814907
2023-08-01 15:55:51.007880,42,320,0.6810551285743713,0.6099163293838501,-0.1426151096820831,0.3792453110218048,-0.0361328125,0.9248046875,0.3427734375,0.5048794746398926,0.7281967997550964,2.813152661929053e-07,0.4439270198345184,0.6731519103050232,-0.0150674926117062,0.4058519303798675,0.5772007703781128,-0.0191686861217021,0.3869006037712097,0.5027163624763489,-0.023914199322462,0.3649208843708038,0.4503843486309051,-0.0286179911345243,0.4902932047843933,0.4479605853557586,0.003368159988895,0.4847729206085205,0.3524539470672607,-0.006693982053548,0.4814444184303283,0.2922287285327911,-0.0204061288386583,0.4821356236934662,0.2390402257442474,-0.0328815504908561,0.5346001386642456,0.4434213936328888,-0.0054792566224932,0.5426540970802307,0.3318997323513031,-0.0144489621743559,0.5461168885231018,0.2581174373626709,-0.0291235651820898,0.5482227802276611,0.1961192488670349,-0.04166055098176,0.5731164813041687,0.4617800414562225,-0.018576793372631,0.596672773361206,0.3615031838417053,-0.0317305400967597,0.6070343255996704,0.2925254106521606,-0.0479695461690425,0.6132119297981262,0.2314651608467102,-0.0613465830683708,0.6055113673210144,0.4979225397109985,-0.0338569544255733,0.6455217003822327,0.4309188425540924,-0.0483603402972221,0.6705764532089233,0.3799139857292175,-0.0592047199606895,0.6907267570495605,0.3302832245826721,-0.0681203678250312
2023-08-01 15:55:51.056234,43,321,0.6832175254821777,0.6084583401679993,-0.1423064768314361,0.377811074256897,0.037109375,0.9072265625,0.40185546875,0.505272388458252,0.731765866279602,2.929878917257156e-07,0.4447344243526459,0.6737363934516907,-0.0148142557591199,0.404946357011795,0.5758621692657471,-0.0187659375369548,0.3816708028316498,0.5025681257247925,-0.0235424656420946,0.3541924357414245,0.4548037052154541,-0.0288265030831098,0.4887421727180481,0.4455029964447021,0.0029409148264676,0.483707070350647,0.3480361700057983,-0.0072455564513802,0.4813365936279297,0.2874661684036255,-0.0211461596190929,0.4830132722854614,0.2343323230743408,-0.0337841212749481,0.533324658870697,0.4406269490718841,-0.0062622195109725,0.5427196025848389,0.3270583152770996,-0.0147724179551005,0.548084020614624,0.2535374760627746,-0.029187686741352,0.5520636439323425,0.1915125846862793,-0.0418105497956275,0.5724536776542664,0.4595205783843994,-0.0197527818381786,0.6002093553543091,0.3582916855812073,-0.0330732055008411,0.6134659051895142,0.2893463373184204,-0.0499140955507755,0.6222659349441528,0.2266510725021362,-0.0641065537929534,0.6050212979316711,0.4970801770687103,-0.0353450700640678,0.6471035480499268,0.4327211380004883,-0.0507047288119792,0.6742663979530334,0.383630096912384,-0.0619560778141021,0.6972854137420654,0.3346495032310486,-0.0714086443185806
2023-08-01 15:55:51.115376,44,322,0.6844542622566223,0.6076129078865051,-0.1414470225572586,0.3772553205490112,-0.10498046875,0.90576171875,0.3369140625,0.507830023765564,0.7358816862106323,3.415114804283803e-07,0.4457111656665802,0.6770522594451904,-0.0153464265167713,0.4046850502490997,0.5802672505378723,-0.0196855496615171,0.3801735341548919,0.5087018609046936,-0.0248496141284704,0.3516171872615814,0.4627291560173034,-0.0304979793727397,0.4877711832523346,0.4428715109825134,0.0023560649715363,0.484329879283905,0.3448386788368225,-0.0086036538705229,0.4840432107448578,0.2830787897109985,-0.0231633130460977,0.4876642525196075,0.2293687164783477,-0.0361791625618934,0.53302401304245,0.4378119707107544,-0.0071392906829714,0.5437340140342712,0.3219614028930664,-0.0154338618740439,0.5513485670089722,0.2473996728658676,-0.0292789712548255,0.5572412014007568,0.1853614449501037,-0.0415233708918094,0.5728144645690918,0.4580127894878387,-0.0211772453039884,0.6020765900611877,0.3568750023841858,-0.0350564792752265,0.6179664731025696,0.2887939810752868,-0.0518604889512062,0.6291623711585999,0.2272844314575195,-0.0658992454409599,0.6053356528282166,0.4975678026676178,-0.0374356880784034,0.6493369340896606,0.4339266419410705,-0.0539098605513572,0.6785184144973755,0.3876508474349975,-0.0653344020247459,0.7038626670837402,0.3417547941207886,-0.0747076496481895
2023-08-01 15:55:51.163441,45,323,0.6865895986557007,0.6064578294754028,-0.1406897008419037,0.3755129873752594,-0.109375,0.9267578125,0.38671875,0.5060632228851318,0.7395060062408447,3.688100207455136e-07,0.4445650279521942,0.6806391477584839,-0.0172221772372722,0.4032298922538757,0.5837645530700684,-0.0222652349621057,0.3784035444259643,0.5137017965316772,-0.027908394113183,0.3495199382305145,0.467873603105545,-0.0340557321906089,0.4880900979042053,0.4417852163314819,0.0008017537766136,0.4854297935962677,0.3438658714294433,-0.0106861414387822,0.4859110116958618,0.2816632091999054,-0.0256022717803716,0.4897436499595642,0.2279570400714874,-0.0387862138450145,0.5342589020729065,0.4372188150882721,-0.0081339320167899,0.5471877455711365,0.3203956484794616,-0.016588220372796,0.5562742352485657,0.2460292875766754,-0.0305102709680795,0.5634104013442993,0.184785395860672,-0.0427293702960014,0.574609100818634,0.458643227815628,-0.0218209940940141,0.6042870283126831,0.3566222190856933,-0.0361402370035648,0.6205819845199585,0.289322555065155,-0.0525823049247264,0.632290244102478,0.2284506261348724,-0.0661663338541984,0.607378363609314,0.4999890625476837,-0.037937618792057,0.6520519256591797,0.4358934164047241,-0.0545790791511535,0.6815903186798096,0.3903437554836273,-0.0653243884444236,0.7073337435722351,0.3454411625862121,-0.0740373358130455
2023-08-01 15:55:51.224971,46,324,0.6890197396278381,0.604526162147522,-0.1401688158512115,0.3743696808815002,-0.068359375,0.93701171875,0.359375,0.5108663439750671,0.7476547956466675,4.403150342113804e-07,0.4470067620277405,0.6873375177383423,-0.0192749146372079,0.4037741720676422,0.5919572114944458,-0.0261615626513957,0.3769950866699219,0.523465633392334,-0.0334180295467376,0.3451446294784546,0.4788540005683899,-0.0409695394337177,0.4871920049190521,0.4415806531906128,-0.0023317453451454,0.4865724146366119,0.3394999802112579,-0.015143759548664,0.4885695874691009,0.2749829888343811,-0.0306843798607587,0.4931201636791229,0.2196638882160186,-0.044043805450201,0.5347311496734619,0.4373789727687835,-0.0105056092143058,0.5516116619110107,0.3190226852893829,-0.0191595293581485,0.5629041194915771,0.2435802370309829,-0.0325579345226287,0.5712825059890747,0.1821644008159637,-0.044276762753725,0.5764093995094299,0.4602096974849701,-0.0236645024269819,0.6079586148262024,0.3583874106407165,-0.0379843935370445,0.6259511709213257,0.2916800677776336,-0.0541603006422519,0.6390660405158997,0.2320527136325836,-0.0673773512244224,0.6102681756019592,0.5039821267127991,-0.0395384542644023,0.658034086227417,0.4417066872119903,-0.0560374706983566,0.6895974278450012,0.3976975679397583,-0.0665918737649917,0.717200756072998,0.3545792698860168,-0.0749548748135566
2023-08-01 15:55:51.285827,47,325,0.6900473833084106,0.6038135290145874,-0.1410276293754577,0.3733030259609222,0.03076171875,0.8955078125,0.443359375,0.5064999461174011,0.75299072265625,4.5947777493893227e-07,0.4441236555576324,0.6909475326538086,-0.0197484754025936,0.4016768336296081,0.5942399501800537,-0.0267129000276327,0.3756580948829651,0.5265432000160217,-0.0338383130729198,0.3434878587722778,0.4824032485485077,-0.0413267686963081,0.4860565066337585,0.4417482912540436,-0.0031619779765605,0.4854935109615326,0.3378930389881134,-0.0158260706812143,0.4868374764919281,0.2731495797634125,-0.0309279877692461,0.4908589124679565,0.2176619470119476,-0.0439579188823699,0.533989429473877,0.4395703673362732,-0.011365900747478,0.5525597929954529,0.3203622698783874,-0.0201251618564128,0.5638713240623474,0.2432359904050827,-0.0338197164237499,0.5724165439605713,0.1810987889766693,-0.0457339510321617,0.5750225782394409,0.4641430377960205,-0.0245625954121351,0.6097130179405212,0.3610456585884094,-0.0389586091041564,0.6279796361923218,0.2932857871055603,-0.0556756258010864,0.6407628655433655,0.2324220836162567,-0.069420039653778,0.6076380014419556,0.5099062323570251,-0.0404268577694892,0.657676100730896,0.4498704671859741,-0.057004477828741,0.6891042590141296,0.4049742817878723,-0.0680568218231201,0.716180682182312,0.3603817224502563,-0.0769296586513519
2023-08-01 15:55:51.332019,48,326,0.690106987953186,0.6034742593765259,-0.1403042078018188,0.3740133047103882,-0.1162109375,0.9248046875,0.43798828125,0.5050807595252991,0.753673791885376,4.656717464968097e-07,0.4434074163436889,0.6914401054382324,-0.0200510341674089,0.4006611704826355,0.5956078171730042,-0.0281359758228063,0.3751444220542907,0.5279188752174377,-0.0364131368696689,0.3431146740913391,0.4834390580654144,-0.0450821667909622,0.483841985464096,0.4417594373226166,-0.0050775469280779,0.4841221272945404,0.3378515839576721,-0.0189838334918022,0.4860184490680694,0.2729436755180359,-0.0348954126238822,0.4906951785087585,0.2169217765331268,-0.0484847724437713,0.5325372815132141,0.4400440454483032,-0.0136233959347009,0.5512305498123169,0.3201859891414642,-0.0236909929662942,0.5631776452064514,0.2428231388330459,-0.0382432751357555,0.5727469325065613,0.1794974505901336,-0.0508550703525543,0.5739700198173523,0.4654971361160278,-0.0270754769444465,0.6087409853935242,0.3628113865852356,-0.0423815473914146,0.6273622512817383,0.2954438030719757,-0.0591895543038845,0.6405987739562988,0.2342772483825683,-0.0730121955275535,0.6071229577064514,0.512057900428772,-0.0431897863745689,0.6572179794311523,0.4512898921966553,-0.0599027499556541,0.6888128519058228,0.406185507774353,-0.0706299096345901,0.7160291075706482,0.3609243035316467,-0.0793827921152114
2023-08-01 15:55:51.381021,49,327,0.6895603537559509,0.6034903526306152,-0.1393784433603286,0.3753392100334167,-0.09130859375,0.91455078125,0.43310546875,0.5063832998275757,0.755784809589386,4.739856649393914e-07,0.4444461166858673,0.6941286325454712,-0.0215989835560321,0.4013672173023224,0.5980462431907654,-0.0302398279309272,0.3754066824913025,0.5297583937644958,-0.0387708581984043,0.3429503142833709,0.484701007604599,-0.0475533567368984,0.4842304587364197,0.443047434091568,-0.0062633189372718,0.4840709865093231,0.3383129835128784,-0.020620884373784,0.4857156276702881,0.2728530168533325,-0.0368009842932224,0.4901844561100006,0.2162217795848846,-0.0505522340536117,0.5330922603607178,0.4409962892532348,-0.014120471663773,0.5516704320907593,0.3208717107772827,-0.0244081132113933,0.5637047290802002,0.2430498898029327,-0.0388406477868557,0.5732991099357605,0.1794816553592682,-0.0513156652450561,0.5746342539787292,0.466530829668045,-0.0270811263471841,0.6087362170219421,0.3640908300876617,-0.0425694733858108,0.627323567867279,0.2961693406105041,-0.0593123733997345,0.6406365036964417,0.234448492527008,-0.0730452537536621,0.6079062223434448,0.513158917427063,-0.0428771004080772,0.6575648188591003,0.4526119232177734,-0.0597286000847816,0.688987135887146,0.4074745178222656,-0.0705201849341392,0.7162038683891296,0.3620173633098602,-0.0792976841330528
